Handle,Title,Body (HTML),Vendor,Type,Tags,Published,Option1 Name,Option1 Value,Variant SKU,Variant Inventory Tracker,Variant Inventory Qty,Variant Inventory Policy,Variant Fulfillment Service,Variant Price,Variant Requires Shipping,Variant Taxable,Image Src,Image Position,Image Alt Text,Status
sinn-chronograph-vollkalender-38mm-weiss-77990-automatik-p2162,Sinn Chronograph Vollkalender 38mm Weiß 77990 Automatik,"<p>Hier präsentieren wir die Sinn Chronograph Vollkalender. Unsere Bilder sind unbearbeitet und zeigen jedes Detail – mehr, als das bloße Auge wahrnimmt.</p><table><tr><th align=""left"" style=""padding:4px 18px 4px 0"">Interner Code</th><td>HV-2162</td></tr><tr><th align=""left"" style=""padding:4px 18px 4px 0"">Referenz</th><td>A-90358</td></tr><tr><th align=""left"" style=""padding:4px 18px 4px 0"">Durchmesser</th><td>38 mm</td></tr><tr><th align=""left"" style=""padding:4px 18px 4px 0"">Gehäuse</th><td>Edelstahl (Vergoldet)</td></tr><tr><th align=""left"" style=""padding:4px 18px 4px 0"">Zifferblatt</th><td>Weiß</td></tr><tr><th align=""left"" style=""padding:4px 18px 4px 0"">Band</th><td>Leder (Aftermarket von Kaufmann)</td></tr><tr><th align=""left"" style=""padding:4px 18px 4px 0"">Werk</th><td>Automatik</td></tr><tr><th align=""left"" style=""padding:4px 18px 4px 0"">Lieferumfang</th><td>Echtheitszertifikat</td></tr><tr><th align=""left"" style=""padding:4px 18px 4px 0"">Zustand</th><td>Gut</td></tr></table><p>Jede Uhr wird vor dem Verkauf geprüft. 12 Monate Garantie auf das Werk, 14 Tage Rückgaberecht. Versand: Deutschland kostenfrei, Europa 79 €, weltweit 150 € — oder persönliche Übergabe in unserem Showroom in Frankfurt.</p><p><strong>Bei Zahlung per Überweisung bitte als Verwendungszweck angeben: HV-2162</strong></p>",Sinn,Armbanduhr,"Sinn, A-90358, Gut",TRUE,Titel,Einzelstück,HV-P2162,shopify,1,deny,manual,2190,TRUE,TRUE,https://hahn-vo-df1c.vercel.app/assets/products/p2162/0.jpg,1,Sinn Chronograph Vollkalender 38mm Weiß 77990 Automatik,active
sinn-chronograph-vollkalender-38mm-weiss-77990-automatik-p2162,,,,,,,,,,,,,,,,,https://hahn-vo-df1c.vercel.app/assets/products/p2162/1.jpg,2,Sinn Chronograph Vollkalender 38mm Weiß 77990 Automatik,
sinn-chronograph-vollkalender-38mm-weiss-77990-automatik-p2162,,,,,,,,,,,,,,,,,https://hahn-vo-df1c.vercel.app/assets/products/p2162/2.jpg,3,Sinn Chronograph Vollkalender 38mm Weiß 77990 Automatik,
sinn-chronograph-vollkalender-38mm-weiss-77990-automatik-p2162,,,,,,,,,,,,,,,,,https://hahn-vo-df1c.vercel.app/assets/products/p2162/3.jpg,4,Sinn Chronograph Vollkalender 38mm Weiß 77990 Automatik,
sinn-chronograph-vollkalender-38mm-weiss-77990-automatik-p2162,,,,,,,,,,,,,,,,,https://hahn-vo-df1c.vercel.app/assets/products/p2162/4.jpg,5,Sinn Chronograph Vollkalender 38mm Weiß 77990 Automatik,
sinn-chronograph-vollkalender-38mm-weiss-77990-automatik-p2162,,,,,,,,,,,,,,,,,https://hahn-vo-df1c.vercel.app/assets/products/p2162/5.jpg,6,Sinn Chronograph Vollkalender 38mm Weiß 77990 Automatik,
tudor-black-bay-bucherer-blue-automatik-only-watch-p5069,Tudor Black Bay Bucherer Blue Automatik only watch,"<p>Hier präsentieren wir die Tudor Black Bay Bucherer Blue Ref. 79250BB. Eine seltene Sonderedition, die exklusiv für Bucherer gefertigt wurde. Besonders charakteristisch sind das markante blaue Zifferblatt und die blaue Lünette. Unsere Bilder sind unbearbeitet und zeigen jedes Detail – mehr, als das bloße Auge wahrnimmt.</p><table><tr><th align=""left"" style=""padding:4px 18px 4px 0"">Interner Code</th><td>HV-5069</td></tr><tr><th align=""left"" style=""padding:4px 18px 4px 0"">Referenz</th><td>79250BB</td></tr><tr><th align=""left"" style=""padding:4px 18px 4px 0"">Durchmesser</th><td>43 mm</td></tr><tr><th align=""left"" style=""padding:4px 18px 4px 0"">Gehäuse</th><td>Bronze</td></tr><tr><th align=""left"" style=""padding:4px 18px 4px 0"">Zifferblatt</th><td>Blau</td></tr><tr><th align=""left"" style=""padding:4px 18px 4px 0"">Band</th><td>Textil</td></tr><tr><th align=""left"" style=""padding:4px 18px 4px 0"">Werk</th><td>Automatik (Manufakturwerk)</td></tr><tr><th align=""left"" style=""padding:4px 18px 4px 0"">Zustand</th><td>Sehr gut</td></tr></table><p>Jede Uhr wird vor dem Verkauf geprüft. 12 Monate Garantie auf das Werk, 14 Tage Rückgaberecht. Versand: Deutschland kostenfrei, Europa 79 €, weltweit 150 € — oder persönliche Übergabe in unserem Showroom in Frankfurt.</p><p><strong>Bei Zahlung per Überweisung bitte als Verwendungszweck angeben: HV-5069</strong></p>",Tudor,Armbanduhr,"Tudor, 79250BB, Sehr gut",TRUE,Titel,Einzelstück,HV-P5069,shopify,1,deny,manual,2790,TRUE,TRUE,https://hahn-vo-df1c.vercel.app/assets/products/p5069/0.jpg,1,Tudor Black Bay Bucherer Blue Automatik only watch,active
tudor-black-bay-bucherer-blue-automatik-only-watch-p5069,,,,,,,,,,,,,,,,,https://hahn-vo-df1c.vercel.app/assets/products/p5069/1.jpg,2,Tudor Black Bay Bucherer Blue Automatik only watch,
tudor-black-bay-bucherer-blue-automatik-only-watch-p5069,,,,,,,,,,,,,,,,,https://hahn-vo-df1c.vercel.app/assets/products/p5069/2.jpg,3,Tudor Black Bay Bucherer Blue Automatik only watch,
tudor-black-bay-bucherer-blue-automatik-only-watch-p5069,,,,,,,,,,,,,,,,,https://hahn-vo-df1c.vercel.app/assets/products/p5069/3.jpg,4,Tudor Black Bay Bucherer Blue Automatik only watch,
tudor-black-bay-bucherer-blue-automatik-only-watch-p5069,,,,,,,,,,,,,,,,,https://hahn-vo-df1c.vercel.app/assets/products/p5069/4.jpg,5,Tudor Black Bay Bucherer Blue Automatik only watch,
tudor-black-bay-bucherer-blue-automatik-only-watch-p5069,,,,,,,,,,,,,,,,,https://hahn-vo-df1c.vercel.app/assets/products/p5069/5.jpg,6,Tudor Black Bay Bucherer Blue Automatik only watch,
rolex-datejust-36-seltenes-zifferblatt-mit-diamanten-p4846,Rolex Datejust 36 seltenes Zifferblatt mit Diamanten,"<p>Hier präsentieren wir die Rolex Datejust 36 aus dem Jahr 2014 im Full Set. Die Rolex verfügt über ein besonderes Jubilee dial mit diamantbesetzten Ziffern bei 6 und 9. Unsere Bilder sind unbearbeitet und zeigen jedes Detail – mehr, als das bloße Auge wahrnimmt.</p><table><tr><th align=""left"" style=""padding:4px 18px 4px 0"">Interner Code</th><td>HV-4846</td></tr><tr><th align=""left"" style=""padding:4px 18px 4px 0"">Referenz</th><td>116234</td></tr><tr><th align=""left"" style=""padding:4px 18px 4px 0"">Baujahr</th><td>2014</td></tr><tr><th align=""left"" style=""padding:4px 18px 4px 0"">Durchmesser</th><td>36 mm</td></tr><tr><th align=""left"" style=""padding:4px 18px 4px 0"">Gehäuse</th><td>Edelstahl</td></tr><tr><th align=""left"" style=""padding:4px 18px 4px 0"">Zifferblatt</th><td>Silber</td></tr><tr><th align=""left"" style=""padding:4px 18px 4px 0"">Band</th><td>Edelstahl</td></tr><tr><th align=""left"" style=""padding:4px 18px 4px 0"">Werk</th><td>Rolex 3135</td></tr><tr><th align=""left"" style=""padding:4px 18px 4px 0"">Lieferumfang</th><td>Full Set, Papiere, Box, Echtheitszertifikat</td></tr><tr><th align=""left"" style=""padding:4px 18px 4px 0"">Zustand</th><td>Gut</td></tr></table><p>Jede Uhr wird vor dem Verkauf geprüft. 12 Monate Garantie auf das Werk, 14 Tage Rückgaberecht. Versand: Deutschland kostenfrei, Europa 79 €, weltweit 150 € — oder persönliche Übergabe in unserem Showroom in Frankfurt.</p><p><strong>Bei Zahlung per Überweisung bitte als Verwendungszweck angeben: HV-4846</strong></p>",Rolex,Armbanduhr,"Rolex, 116234, 2014, Gut, Full Set",TRUE,Titel,Einzelstück,HV-P4846,shopify,1,deny,manual,7990,TRUE,TRUE,https://hahn-vo-df1c.vercel.app/assets/products/p4846/0.jpg,1,Rolex Datejust 36 seltenes Zifferblatt mit Diamanten,active
rolex-datejust-36-seltenes-zifferblatt-mit-diamanten-p4846,,,,,,,,,,,,,,,,,https://hahn-vo-df1c.vercel.app/assets/products/p4846/1.jpg,2,Rolex Datejust 36 seltenes Zifferblatt mit Diamanten,
rolex-datejust-36-seltenes-zifferblatt-mit-diamanten-p4846,,,,,,,,,,,,,,,,,https://hahn-vo-df1c.vercel.app/assets/products/p4846/2.jpg,3,Rolex Datejust 36 seltenes Zifferblatt mit Diamanten,
rolex-datejust-36-seltenes-zifferblatt-mit-diamanten-p4846,,,,,,,,,,,,,,,,,https://hahn-vo-df1c.vercel.app/assets/products/p4846/3.jpg,4,Rolex Datejust 36 seltenes Zifferblatt mit Diamanten,
rolex-datejust-36-seltenes-zifferblatt-mit-diamanten-p4846,,,,,,,,,,,,,,,,,https://hahn-vo-df1c.vercel.app/assets/products/p4846/4.jpg,5,Rolex Datejust 36 seltenes Zifferblatt mit Diamanten,
rolex-datejust-36-seltenes-zifferblatt-mit-diamanten-p4846,,,,,,,,,,,,,,,,,https://hahn-vo-df1c.vercel.app/assets/products/p4846/5.jpg,6,Rolex Datejust 36 seltenes Zifferblatt mit Diamanten,
patek-philippe-twenty-4-grau-damenuhr-p4808,Patek Philippe Twenty~4 Grau Damenuhr,"<p>Hier präsentieren wir die Patek Philippe Twenty~4 aus dem Jahr 2010 mit Original Zetifikat & Reisebox. Unsere Bilder sind unbearbeitet und zeigen jedes Detail – mehr, als das bloße Auge wahrnimmt.</p><table><tr><th align=""left"" style=""padding:4px 18px 4px 0"">Interner Code</th><td>HV-4808</td></tr><tr><th align=""left"" style=""padding:4px 18px 4px 0"">Referenz</th><td>4910/10A</td></tr><tr><th align=""left"" style=""padding:4px 18px 4px 0"">Baujahr</th><td>2010</td></tr><tr><th align=""left"" style=""padding:4px 18px 4px 0"">Durchmesser</th><td>25,1 x 30 mm</td></tr><tr><th align=""left"" style=""padding:4px 18px 4px 0"">Gehäuse</th><td>Edelstahl</td></tr><tr><th align=""left"" style=""padding:4px 18px 4px 0"">Zifferblatt</th><td>Grau</td></tr><tr><th align=""left"" style=""padding:4px 18px 4px 0"">Band</th><td>Edelstahl</td></tr><tr><th align=""left"" style=""padding:4px 18px 4px 0"">Werk</th><td>Quarz E15</td></tr><tr><th align=""left"" style=""padding:4px 18px 4px 0"">Lieferumfang</th><td>Echtheitszertifikat</td></tr><tr><th align=""left"" style=""padding:4px 18px 4px 0"">Zustand</th><td>Gut</td></tr></table><p>Jede Uhr wird vor dem Verkauf geprüft. 12 Monate Garantie auf das Werk, 14 Tage Rückgaberecht. Versand: Deutschland kostenfrei, Europa 79 €, weltweit 150 € — oder persönliche Übergabe in unserem Showroom in Frankfurt.</p><p><strong>Bei Zahlung per Überweisung bitte als Verwendungszweck angeben: HV-4808</strong></p>",Patek Philippe,Armbanduhr,"Patek Philippe, 4910/10A, 2010, Gut",TRUE,Titel,Einzelstück,HV-P4808,shopify,1,deny,manual,8990,TRUE,TRUE,https://hahn-vo-df1c.vercel.app/assets/products/p4808/0.jpg,1,Patek Philippe Twenty~4 Grau Damenuhr,active
patek-philippe-twenty-4-grau-damenuhr-p4808,,,,,,,,,,,,,,,,,https://hahn-vo-df1c.vercel.app/assets/products/p4808/1.jpg,2,Patek Philippe Twenty~4 Grau Damenuhr,
patek-philippe-twenty-4-grau-damenuhr-p4808,,,,,,,,,,,,,,,,,https://hahn-vo-df1c.vercel.app/assets/products/p4808/2.jpg,3,Patek Philippe Twenty~4 Grau Damenuhr,
patek-philippe-twenty-4-grau-damenuhr-p4808,,,,,,,,,,,,,,,,,https://hahn-vo-df1c.vercel.app/assets/products/p4808/3.jpg,4,Patek Philippe Twenty~4 Grau Damenuhr,
patek-philippe-twenty-4-grau-damenuhr-p4808,,,,,,,,,,,,,,,,,https://hahn-vo-df1c.vercel.app/assets/products/p4808/4.jpg,5,Patek Philippe Twenty~4 Grau Damenuhr,
patek-philippe-twenty-4-grau-damenuhr-p4808,,,,,,,,,,,,,,,,,https://hahn-vo-df1c.vercel.app/assets/products/p4808/5.jpg,6,Patek Philippe Twenty~4 Grau Damenuhr,
iwc-schaffhausen-portofino-automatic-40-zifferblatt-silber-p3771,IWC Schaffhausen Portofino Automatic 40 Zifferblatt silber,"<p>Hier präsentieren wir die IWC Portofino Automatic 40 (only watch), jedoch mit Garantie bei IWC bis zum Jahr 07/2029. Unsere Bilder sind unbearbeitet und zeigen jedes Detail – mehr, als das bloße Auge wahrnimmt.</p><table><tr><th align=""left"" style=""padding:4px 18px 4px 0"">Interner Code</th><td>HV-3771</td></tr><tr><th align=""left"" style=""padding:4px 18px 4px 0"">Baujahr</th><td>2021 (Garantie bei IWC bis 2029)</td></tr><tr><th align=""left"" style=""padding:4px 18px 4px 0"">Durchmesser</th><td>40 mm</td></tr><tr><th align=""left"" style=""padding:4px 18px 4px 0"">Gehäuse</th><td>Edelstahl</td></tr><tr><th align=""left"" style=""padding:4px 18px 4px 0"">Zifferblatt</th><td>Silber</td></tr><tr><th align=""left"" style=""padding:4px 18px 4px 0"">Band</th><td>Leder</td></tr><tr><th align=""left"" style=""padding:4px 18px 4px 0"">Werk</th><td>Automatik</td></tr><tr><th align=""left"" style=""padding:4px 18px 4px 0"">Zustand</th><td>Sehr gut </td></tr></table><p>Jede Uhr wird vor dem Verkauf geprüft. 12 Monate Garantie auf das Werk, 14 Tage Rückgaberecht. Versand: Deutschland kostenfrei, Europa 79 €, weltweit 150 € — oder persönliche Übergabe in unserem Showroom in Frankfurt.</p><p><strong>Bei Zahlung per Überweisung bitte als Verwendungszweck angeben: HV-3771</strong></p>",IWC,Armbanduhr,"IWC, 2021 (Garantie bei IWC bis 2029), Sehr gut ",TRUE,Titel,Einzelstück,HV-P3771,shopify,1,deny,manual,2990,TRUE,TRUE,https://hahn-vo-df1c.vercel.app/assets/products/p3771/0.jpg,1,IWC Schaffhausen Portofino Automatic 40 Zifferblatt silber,active
iwc-schaffhausen-portofino-automatic-40-zifferblatt-silber-p3771,,,,,,,,,,,,,,,,,https://hahn-vo-df1c.vercel.app/assets/products/p3771/1.jpg,2,IWC Schaffhausen Portofino Automatic 40 Zifferblatt silber,
iwc-schaffhausen-portofino-automatic-40-zifferblatt-silber-p3771,,,,,,,,,,,,,,,,,https://hahn-vo-df1c.vercel.app/assets/products/p3771/2.jpg,3,IWC Schaffhausen Portofino Automatic 40 Zifferblatt silber,
iwc-schaffhausen-portofino-automatic-40-zifferblatt-silber-p3771,,,,,,,,,,,,,,,,,https://hahn-vo-df1c.vercel.app/assets/products/p3771/3.jpg,4,IWC Schaffhausen Portofino Automatic 40 Zifferblatt silber,
iwc-schaffhausen-portofino-automatic-40-zifferblatt-silber-p3771,,,,,,,,,,,,,,,,,https://hahn-vo-df1c.vercel.app/assets/products/p3771/4.jpg,5,IWC Schaffhausen Portofino Automatic 40 Zifferblatt silber,
iwc-schaffhausen-portofino-automatic-40-zifferblatt-silber-p3771,,,,,,,,,,,,,,,,,https://hahn-vo-df1c.vercel.app/assets/products/p3771/5.jpg,6,IWC Schaffhausen Portofino Automatic 40 Zifferblatt silber,
omega-seamaster-diver-300-m-zifferblatt-blau-garantiekarte-p2446,Omega Seamaster Diver 300 M Zifferblatt Blau Garantiekarte,"<p>Hier präsentieren wir die Omega Diver 300 Blue mit Original Omega Garantiekarte. Unsere Bilder sind unbearbeitet und zeigen jedes Detail – mehr, als das bloße Auge wahrnimmt.</p><table><tr><th align=""left"" style=""padding:4px 18px 4px 0"">Interner Code</th><td>HV-2446</td></tr><tr><th align=""left"" style=""padding:4px 18px 4px 0"">Referenz</th><td>212.30.41.20.03.001</td></tr><tr><th align=""left"" style=""padding:4px 18px 4px 0"">Baujahr</th><td>2009 (Ungefähre Angabe)</td></tr><tr><th align=""left"" style=""padding:4px 18px 4px 0"">Durchmesser</th><td>41 mm</td></tr><tr><th align=""left"" style=""padding:4px 18px 4px 0"">Gehäuse</th><td>Edelstahl</td></tr><tr><th align=""left"" style=""padding:4px 18px 4px 0"">Zifferblatt</th><td>Blau</td></tr><tr><th align=""left"" style=""padding:4px 18px 4px 0"">Band</th><td>Edelstahl</td></tr><tr><th align=""left"" style=""padding:4px 18px 4px 0"">Werk</th><td>Automatik</td></tr><tr><th align=""left"" style=""padding:4px 18px 4px 0"">Lieferumfang</th><td>Full Set, Papiere, Garantiekarte, Echtheitszertifikat</td></tr><tr><th align=""left"" style=""padding:4px 18px 4px 0"">Zustand</th><td>Gut</td></tr></table><p>Jede Uhr wird vor dem Verkauf geprüft. 12 Monate Garantie auf das Werk, 14 Tage Rückgaberecht. Versand: Deutschland kostenfrei, Europa 79 €, weltweit 150 € — oder persönliche Übergabe in unserem Showroom in Frankfurt.</p><p><strong>Bei Zahlung per Überweisung bitte als Verwendungszweck angeben: HV-2446</strong></p>",Omega,Armbanduhr,"Omega, 212.30.41.20.03.001, 2009 (Ungefähre Angabe), Gut, Full Set",TRUE,Titel,Einzelstück,HV-P2446,shopify,1,deny,manual,3090,TRUE,TRUE,https://hahn-vo-df1c.vercel.app/assets/products/p2446/0.jpg,1,Omega Seamaster Diver 300 M Zifferblatt Blau Garantiekarte,active
omega-seamaster-diver-300-m-zifferblatt-blau-garantiekarte-p2446,,,,,,,,,,,,,,,,,https://hahn-vo-df1c.vercel.app/assets/products/p2446/1.jpg,2,Omega Seamaster Diver 300 M Zifferblatt Blau Garantiekarte,
omega-seamaster-diver-300-m-zifferblatt-blau-garantiekarte-p2446,,,,,,,,,,,,,,,,,https://hahn-vo-df1c.vercel.app/assets/products/p2446/2.jpg,3,Omega Seamaster Diver 300 M Zifferblatt Blau Garantiekarte,
omega-seamaster-diver-300-m-zifferblatt-blau-garantiekarte-p2446,,,,,,,,,,,,,,,,,https://hahn-vo-df1c.vercel.app/assets/products/p2446/3.jpg,4,Omega Seamaster Diver 300 M Zifferblatt Blau Garantiekarte,
omega-seamaster-diver-300-m-zifferblatt-blau-garantiekarte-p2446,,,,,,,,,,,,,,,,,https://hahn-vo-df1c.vercel.app/assets/products/p2446/4.jpg,5,Omega Seamaster Diver 300 M Zifferblatt Blau Garantiekarte,
omega-seamaster-diver-300-m-zifferblatt-blau-garantiekarte-p2446,,,,,,,,,,,,,,,,,https://hahn-vo-df1c.vercel.app/assets/products/p2446/5.jpg,6,Omega Seamaster Diver 300 M Zifferblatt Blau Garantiekarte,
breitling-superocean-heritage-46-p1226,Breitling Superocean Heritage 46,"<p>Hier präsentieren wir die Breitling Superocean Heritage Chronograph 46 mm im Full Set aus dem Jahr 2018. Unsere Bilder sind unbearbeitet und zeigen jedes Detail – mehr, als das bloße Auge wahrnimmt.</p><table><tr><th align=""left"" style=""padding:4px 18px 4px 0"">Interner Code</th><td>HV-1226</td></tr><tr><th align=""left"" style=""padding:4px 18px 4px 0"">Referenz</th><td>A1331212/BF78</td></tr><tr><th align=""left"" style=""padding:4px 18px 4px 0"">Baujahr</th><td>2018</td></tr><tr><th align=""left"" style=""padding:4px 18px 4px 0"">Gehäuse</th><td>Edelstahl</td></tr><tr><th align=""left"" style=""padding:4px 18px 4px 0"">Zifferblatt</th><td>Schwarz</td></tr><tr><th align=""left"" style=""padding:4px 18px 4px 0"">Band</th><td>Edelstahl</td></tr><tr><th align=""left"" style=""padding:4px 18px 4px 0"">Werk</th><td>Automatik</td></tr><tr><th align=""left"" style=""padding:4px 18px 4px 0"">Lieferumfang</th><td>Full Set, Papiere, Box</td></tr><tr><th align=""left"" style=""padding:4px 18px 4px 0"">Zustand</th><td>Sehr gut</td></tr></table><p>Jede Uhr wird vor dem Verkauf geprüft. 12 Monate Garantie auf das Werk, 14 Tage Rückgaberecht. Versand: Deutschland kostenfrei, Europa 79 €, weltweit 150 € — oder persönliche Übergabe in unserem Showroom in Frankfurt.</p><p><strong>Bei Zahlung per Überweisung bitte als Verwendungszweck angeben: HV-1226</strong></p>",Breitling,Armbanduhr,"Breitling, A1331212/BF78, 2018, Sehr gut, Full Set",TRUE,Titel,Einzelstück,HV-P1226,shopify,1,deny,manual,3790,TRUE,TRUE,https://hahn-vo-df1c.vercel.app/assets/products/p1226/0.jpg,1,Breitling Superocean Heritage 46,active
breitling-superocean-heritage-46-p1226,,,,,,,,,,,,,,,,,https://hahn-vo-df1c.vercel.app/assets/products/p1226/1.jpg,2,Breitling Superocean Heritage 46,
breitling-superocean-heritage-46-p1226,,,,,,,,,,,,,,,,,https://hahn-vo-df1c.vercel.app/assets/products/p1226/2.jpg,3,Breitling Superocean Heritage 46,
breitling-superocean-heritage-46-p1226,,,,,,,,,,,,,,,,,https://hahn-vo-df1c.vercel.app/assets/products/p1226/3.jpg,4,Breitling Superocean Heritage 46,
breitling-superocean-heritage-46-p1226,,,,,,,,,,,,,,,,,https://hahn-vo-df1c.vercel.app/assets/products/p1226/4.jpg,5,Breitling Superocean Heritage 46,
breitling-superocean-heritage-46-p1226,,,,,,,,,,,,,,,,,https://hahn-vo-df1c.vercel.app/assets/products/p1226/5.jpg,6,Breitling Superocean Heritage 46,
tag-heuer-carrera-chronograph-p9320,TAG Heuer Carrera Chronograph,"<p>Hier präsentieren wir die TAG Heuer Carerra Chronograph aus dem Jahr 2020 im Full Set. Unsere Bilder sind unbearbeitet und zeigen jedes Detail – mehr, als das bloße Auge wahrnimmt.</p><table><tr><th align=""left"" style=""padding:4px 18px 4px 0"">Interner Code</th><td>HV-9320</td></tr><tr><th align=""left"" style=""padding:4px 18px 4px 0"">Referenz</th><td>CBN2A1B.BA0643</td></tr><tr><th align=""left"" style=""padding:4px 18px 4px 0"">Baujahr</th><td>2020</td></tr><tr><th align=""left"" style=""padding:4px 18px 4px 0"">Durchmesser</th><td>44 mm</td></tr><tr><th align=""left"" style=""padding:4px 18px 4px 0"">Gehäuse</th><td>Edelstahl</td></tr><tr><th align=""left"" style=""padding:4px 18px 4px 0"">Zifferblatt</th><td>Schwarz</td></tr><tr><th align=""left"" style=""padding:4px 18px 4px 0"">Band</th><td>Edelstahl</td></tr><tr><th align=""left"" style=""padding:4px 18px 4px 0"">Werk</th><td>Automatik</td></tr><tr><th align=""left"" style=""padding:4px 18px 4px 0"">Lieferumfang</th><td>Full Set</td></tr><tr><th align=""left"" style=""padding:4px 18px 4px 0"">Zustand</th><td>Sehr gut</td></tr></table><p>Jede Uhr wird vor dem Verkauf geprüft. 12 Monate Garantie auf das Werk, 14 Tage Rückgaberecht. Versand: Deutschland kostenfrei, Europa 79 €, weltweit 150 € — oder persönliche Übergabe in unserem Showroom in Frankfurt.</p><p><strong>Bei Zahlung per Überweisung bitte als Verwendungszweck angeben: HV-9320</strong></p>",TAG Heuer,Armbanduhr,"TAG Heuer, CBN2A1B.BA0643, 2020, Sehr gut, Full Set",TRUE,Titel,Einzelstück,HV-P9320,shopify,1,deny,manual,2790,TRUE,TRUE,https://hahn-vo-df1c.vercel.app/assets/products/p9320/0.jpg,1,TAG Heuer Carrera Chronograph,active
tag-heuer-carrera-chronograph-p9320,,,,,,,,,,,,,,,,,https://hahn-vo-df1c.vercel.app/assets/products/p9320/1.jpg,2,TAG Heuer Carrera Chronograph,
tag-heuer-carrera-chronograph-p9320,,,,,,,,,,,,,,,,,https://hahn-vo-df1c.vercel.app/assets/products/p9320/2.jpg,3,TAG Heuer Carrera Chronograph,
tag-heuer-carrera-chronograph-p9320,,,,,,,,,,,,,,,,,https://hahn-vo-df1c.vercel.app/assets/products/p9320/3.jpg,4,TAG Heuer Carrera Chronograph,
tag-heuer-carrera-chronograph-p9320,,,,,,,,,,,,,,,,,https://hahn-vo-df1c.vercel.app/assets/products/p9320/4.jpg,5,TAG Heuer Carrera Chronograph,
tag-heuer-carrera-chronograph-p9320,,,,,,,,,,,,,,,,,https://hahn-vo-df1c.vercel.app/assets/products/p9320/5.jpg,6,TAG Heuer Carrera Chronograph,
sinn-spezialuhren-chronograph-936-p9311,Sinn Spezialuhren Chronograph 936,"<p>Hier präsentieren wir die Sinn 936 im Full Set aus dem Jahre 2024. Unsere Bilder sind unbearbeitet und zeigen jedes Detail – mehr, als das bloße Auge wahrnimmt.</p><table><tr><th align=""left"" style=""padding:4px 18px 4px 0"">Interner Code</th><td>HV-9311</td></tr><tr><th align=""left"" style=""padding:4px 18px 4px 0"">Baujahr</th><td>2024</td></tr><tr><th align=""left"" style=""padding:4px 18px 4px 0"">Durchmesser</th><td>43 mm</td></tr><tr><th align=""left"" style=""padding:4px 18px 4px 0"">Gehäuse</th><td>Stahl</td></tr><tr><th align=""left"" style=""padding:4px 18px 4px 0"">Zifferblatt</th><td>Schwarz</td></tr><tr><th align=""left"" style=""padding:4px 18px 4px 0"">Band</th><td>Leder</td></tr><tr><th align=""left"" style=""padding:4px 18px 4px 0"">Werk</th><td>Automatik</td></tr><tr><th align=""left"" style=""padding:4px 18px 4px 0"">Lieferumfang</th><td>Full Set, Papiere, Box</td></tr><tr><th align=""left"" style=""padding:4px 18px 4px 0"">Zustand</th><td>Sehr gut</td></tr></table><p>Jede Uhr wird vor dem Verkauf geprüft. 12 Monate Garantie auf das Werk, 14 Tage Rückgaberecht. Versand: Deutschland kostenfrei, Europa 79 €, weltweit 150 € — oder persönliche Übergabe in unserem Showroom in Frankfurt.</p><p><strong>Bei Zahlung per Überweisung bitte als Verwendungszweck angeben: HV-9311</strong></p>",Sinn,Armbanduhr,"Sinn, 2024, Sehr gut, Full Set",TRUE,Titel,Einzelstück,HV-P9311,shopify,1,deny,manual,2490,TRUE,TRUE,https://hahn-vo-df1c.vercel.app/assets/products/p9311/0.jpg,1,Sinn Spezialuhren Chronograph 936,active
sinn-spezialuhren-chronograph-936-p9311,,,,,,,,,,,,,,,,,https://hahn-vo-df1c.vercel.app/assets/products/p9311/1.jpg,2,Sinn Spezialuhren Chronograph 936,
sinn-spezialuhren-chronograph-936-p9311,,,,,,,,,,,,,,,,,https://hahn-vo-df1c.vercel.app/assets/products/p9311/2.jpg,3,Sinn Spezialuhren Chronograph 936,
sinn-spezialuhren-chronograph-936-p9311,,,,,,,,,,,,,,,,,https://hahn-vo-df1c.vercel.app/assets/products/p9311/3.jpg,4,Sinn Spezialuhren Chronograph 936,
sinn-spezialuhren-chronograph-936-p9311,,,,,,,,,,,,,,,,,https://hahn-vo-df1c.vercel.app/assets/products/p9311/4.jpg,5,Sinn Spezialuhren Chronograph 936,
sinn-spezialuhren-chronograph-936-p9311,,,,,,,,,,,,,,,,,https://hahn-vo-df1c.vercel.app/assets/products/p9311/5.jpg,6,Sinn Spezialuhren Chronograph 936,
breitling-superocean-heritage-42-p9290,Breitling Superocean Heritage 42,"<p>Hier präsentieren wir die Breitling Superocean Heritage 42 im Full Set aus dem Jahr 2016. Unsere Bilder sind unbearbeitet und zeigen jedes Detail – mehr, als das bloße Auge wahrnimmt.</p><table><tr><th align=""left"" style=""padding:4px 18px 4px 0"">Interner Code</th><td>HV-9290</td></tr><tr><th align=""left"" style=""padding:4px 18px 4px 0"">Referenz</th><td>A1732124/BA61</td></tr><tr><th align=""left"" style=""padding:4px 18px 4px 0"">Baujahr</th><td>2016</td></tr><tr><th align=""left"" style=""padding:4px 18px 4px 0"">Gehäuse</th><td>Edelstahl</td></tr><tr><th align=""left"" style=""padding:4px 18px 4px 0"">Zifferblatt</th><td>Schwarz</td></tr><tr><th align=""left"" style=""padding:4px 18px 4px 0"">Band</th><td>Edelstahl</td></tr><tr><th align=""left"" style=""padding:4px 18px 4px 0"">Werk</th><td>Automatik</td></tr><tr><th align=""left"" style=""padding:4px 18px 4px 0"">Lieferumfang</th><td>Full Set, Papiere, Box</td></tr><tr><th align=""left"" style=""padding:4px 18px 4px 0"">Zustand</th><td>Sehr gut</td></tr></table><p>Jede Uhr wird vor dem Verkauf geprüft. 12 Monate Garantie auf das Werk, 14 Tage Rückgaberecht. Versand: Deutschland kostenfrei, Europa 79 €, weltweit 150 € — oder persönliche Übergabe in unserem Showroom in Frankfurt.</p><p><strong>Bei Zahlung per Überweisung bitte als Verwendungszweck angeben: HV-9290</strong></p>",Breitling,Armbanduhr,"Breitling, A1732124/BA61, 2016, Sehr gut, Full Set",TRUE,Titel,Einzelstück,HV-P9290,shopify,1,deny,manual,3250,TRUE,TRUE,https://hahn-vo-df1c.vercel.app/assets/products/p9290/0.jpg,1,Breitling Superocean Heritage 42,active
breitling-superocean-heritage-42-p9290,,,,,,,,,,,,,,,,,https://hahn-vo-df1c.vercel.app/assets/products/p9290/1.jpg,2,Breitling Superocean Heritage 42,
breitling-superocean-heritage-42-p9290,,,,,,,,,,,,,,,,,https://hahn-vo-df1c.vercel.app/assets/products/p9290/2.jpg,3,Breitling Superocean Heritage 42,
breitling-superocean-heritage-42-p9290,,,,,,,,,,,,,,,,,https://hahn-vo-df1c.vercel.app/assets/products/p9290/3.jpg,4,Breitling Superocean Heritage 42,
breitling-superocean-heritage-42-p9290,,,,,,,,,,,,,,,,,https://hahn-vo-df1c.vercel.app/assets/products/p9290/4.jpg,5,Breitling Superocean Heritage 42,
breitling-superocean-heritage-42-p9290,,,,,,,,,,,,,,,,,https://hahn-vo-df1c.vercel.app/assets/products/p9290/5.jpg,6,Breitling Superocean Heritage 42,
iwc-schaffhausen-fliegeruhr-mk18-laureus-garantiekarte-p7474,IWC Schaffhausen Fliegeruhr MK18 Laureus Garantiekarte,"<p>Wir präsentieren die IWC Pilot's Watch Mark XVIII Laureus Edition Ref. IW324703. Eine auf nur 1.500 Exemplare weltweit limitierte Sonderedition für die Laureus Foundation. Unsere Bilder zeigen jedes Detail – mehr, als das bloße Auge wahrnimmt.</p><table><tr><th align=""left"" style=""padding:4px 18px 4px 0"">Interner Code</th><td>HV-7474</td></tr><tr><th align=""left"" style=""padding:4px 18px 4px 0"">Referenz</th><td>IW324703</td></tr><tr><th align=""left"" style=""padding:4px 18px 4px 0"">Baujahr</th><td>2018</td></tr><tr><th align=""left"" style=""padding:4px 18px 4px 0"">Durchmesser</th><td>41 mm</td></tr><tr><th align=""left"" style=""padding:4px 18px 4px 0"">Gehäuse</th><td>Keramik</td></tr><tr><th align=""left"" style=""padding:4px 18px 4px 0"">Zifferblatt</th><td>Blau</td></tr><tr><th align=""left"" style=""padding:4px 18px 4px 0"">Band</th><td>Textil, Leder Inlay</td></tr><tr><th align=""left"" style=""padding:4px 18px 4px 0"">Werk</th><td>Automatik</td></tr><tr><th align=""left"" style=""padding:4px 18px 4px 0"">Lieferumfang</th><td>Garantiekarte</td></tr><tr><th align=""left"" style=""padding:4px 18px 4px 0"">Zustand</th><td>Sehr gut</td></tr></table><p>Jede Uhr wird vor dem Verkauf geprüft. 12 Monate Garantie auf das Werk, 14 Tage Rückgaberecht. Versand: Deutschland kostenfrei, Europa 79 €, weltweit 150 € — oder persönliche Übergabe in unserem Showroom in Frankfurt.</p><p><strong>Bei Zahlung per Überweisung bitte als Verwendungszweck angeben: HV-7474</strong></p>",IWC,Armbanduhr,"IWC, IW324703, 2018, Sehr gut",TRUE,Titel,Einzelstück,HV-P7474,shopify,1,deny,manual,4390,TRUE,TRUE,https://hahn-vo-df1c.vercel.app/assets/products/p7474/0.jpg,1,IWC Schaffhausen Fliegeruhr MK18 Laureus Garantiekarte,active
iwc-schaffhausen-fliegeruhr-mk18-laureus-garantiekarte-p7474,,,,,,,,,,,,,,,,,https://hahn-vo-df1c.vercel.app/assets/products/p7474/1.jpg,2,IWC Schaffhausen Fliegeruhr MK18 Laureus Garantiekarte,
iwc-schaffhausen-fliegeruhr-mk18-laureus-garantiekarte-p7474,,,,,,,,,,,,,,,,,https://hahn-vo-df1c.vercel.app/assets/products/p7474/2.jpg,3,IWC Schaffhausen Fliegeruhr MK18 Laureus Garantiekarte,
iwc-schaffhausen-fliegeruhr-mk18-laureus-garantiekarte-p7474,,,,,,,,,,,,,,,,,https://hahn-vo-df1c.vercel.app/assets/products/p7474/3.jpg,4,IWC Schaffhausen Fliegeruhr MK18 Laureus Garantiekarte,
iwc-schaffhausen-fliegeruhr-mk18-laureus-garantiekarte-p7474,,,,,,,,,,,,,,,,,https://hahn-vo-df1c.vercel.app/assets/products/p7474/4.jpg,5,IWC Schaffhausen Fliegeruhr MK18 Laureus Garantiekarte,
iwc-schaffhausen-fliegeruhr-mk18-laureus-garantiekarte-p7474,,,,,,,,,,,,,,,,,https://hahn-vo-df1c.vercel.app/assets/products/p7474/5.jpg,6,IWC Schaffhausen Fliegeruhr MK18 Laureus Garantiekarte,
tudor-heritage-chronograph-42mm-zifferblatt-schwarz-p1799,Tudor Heritage Chronograph 42mm Zifferblatt Schwarz,"<p>Hier präsentieren wir die Tudor Heritage Chronograph aus dem Jahr 2011 im Full Set. Unsere Bilder sind unbearbeitet und zeigen jedes Detail – mehr, als das bloße Auge wahrnimmt.</p><table><tr><th align=""left"" style=""padding:4px 18px 4px 0"">Interner Code</th><td>HV-1799</td></tr><tr><th align=""left"" style=""padding:4px 18px 4px 0"">Referenz</th><td>70330N</td></tr><tr><th align=""left"" style=""padding:4px 18px 4px 0"">Baujahr</th><td>2011</td></tr><tr><th align=""left"" style=""padding:4px 18px 4px 0"">Durchmesser</th><td>42 mm</td></tr><tr><th align=""left"" style=""padding:4px 18px 4px 0"">Gehäuse</th><td>Edelstahl</td></tr><tr><th align=""left"" style=""padding:4px 18px 4px 0"">Zifferblatt</th><td>Schwarz</td></tr><tr><th align=""left"" style=""padding:4px 18px 4px 0"">Band</th><td>Edelstahl</td></tr><tr><th align=""left"" style=""padding:4px 18px 4px 0"">Werk</th><td>Automatk</td></tr><tr><th align=""left"" style=""padding:4px 18px 4px 0"">Lieferumfang</th><td>Full Set, Papiere, Box, Echtheitszertifikat</td></tr><tr><th align=""left"" style=""padding:4px 18px 4px 0"">Zustand</th><td>Sehr gut</td></tr></table><p>Jede Uhr wird vor dem Verkauf geprüft. 12 Monate Garantie auf das Werk, 14 Tage Rückgaberecht. Versand: Deutschland kostenfrei, Europa 79 €, weltweit 150 € — oder persönliche Übergabe in unserem Showroom in Frankfurt.</p><p><strong>Bei Zahlung per Überweisung bitte als Verwendungszweck angeben: HV-1799</strong></p>",Tudor,Armbanduhr,"Tudor, 70330N, 2011, Sehr gut, Full Set",TRUE,Titel,Einzelstück,HV-P1799,shopify,1,deny,manual,2990,TRUE,TRUE,https://hahn-vo-df1c.vercel.app/assets/products/p1799/0.jpg,1,Tudor Heritage Chronograph 42mm Zifferblatt Schwarz,active
tudor-heritage-chronograph-42mm-zifferblatt-schwarz-p1799,,,,,,,,,,,,,,,,,https://hahn-vo-df1c.vercel.app/assets/products/p1799/1.jpg,2,Tudor Heritage Chronograph 42mm Zifferblatt Schwarz,
tudor-heritage-chronograph-42mm-zifferblatt-schwarz-p1799,,,,,,,,,,,,,,,,,https://hahn-vo-df1c.vercel.app/assets/products/p1799/2.jpg,3,Tudor Heritage Chronograph 42mm Zifferblatt Schwarz,
tudor-heritage-chronograph-42mm-zifferblatt-schwarz-p1799,,,,,,,,,,,,,,,,,https://hahn-vo-df1c.vercel.app/assets/products/p1799/3.jpg,4,Tudor Heritage Chronograph 42mm Zifferblatt Schwarz,
tudor-heritage-chronograph-42mm-zifferblatt-schwarz-p1799,,,,,,,,,,,,,,,,,https://hahn-vo-df1c.vercel.app/assets/products/p1799/4.jpg,5,Tudor Heritage Chronograph 42mm Zifferblatt Schwarz,
tudor-heritage-chronograph-42mm-zifferblatt-schwarz-p1799,,,,,,,,,,,,,,,,,https://hahn-vo-df1c.vercel.app/assets/products/p1799/5.jpg,6,Tudor Heritage Chronograph 42mm Zifferblatt Schwarz,
rolex-gmt-master-ii-left-hand-sprite-p9177,Rolex GMT Master II Left Hand Sprite,"<p>Hier präsentieren wir die Rolex GMT Master II aus dem Jahr 2023 im Full Set. Die Rolex GMT-Master II Left Hand zeichnet sich durch ihre außergewöhnliche Anordnung der Krone auf der linken Gehäuseseite aus. In Kombination mit der grün-schwarzen Lünette zählt sie zu den begehrtesten Rolex-Modellen. Unsere Bilder sind unbearbeitet und zeigen jedes Detail – mehr, als das bloße Auge wahrnimmt.</p><table><tr><th align=""left"" style=""padding:4px 18px 4px 0"">Interner Code</th><td>HV-9177</td></tr><tr><th align=""left"" style=""padding:4px 18px 4px 0"">Referenz</th><td>126720VTNR</td></tr><tr><th align=""left"" style=""padding:4px 18px 4px 0"">Baujahr</th><td>2023</td></tr><tr><th align=""left"" style=""padding:4px 18px 4px 0"">Durchmesser</th><td>40 mm</td></tr><tr><th align=""left"" style=""padding:4px 18px 4px 0"">Gehäuse</th><td>Edelstahl</td></tr><tr><th align=""left"" style=""padding:4px 18px 4px 0"">Zifferblatt</th><td>Schwarz</td></tr><tr><th align=""left"" style=""padding:4px 18px 4px 0"">Band</th><td>Edelstahl</td></tr><tr><th align=""left"" style=""padding:4px 18px 4px 0"">Werk</th><td>Automatik</td></tr><tr><th align=""left"" style=""padding:4px 18px 4px 0"">Lieferumfang</th><td>Full Set, Papiere, Box, Echtheitszertifikat</td></tr><tr><th align=""left"" style=""padding:4px 18px 4px 0"">Zustand</th><td>Sehr gut</td></tr></table><p>Jede Uhr wird vor dem Verkauf geprüft. 12 Monate Garantie auf das Werk, 14 Tage Rückgaberecht. Versand: Deutschland kostenfrei, Europa 79 €, weltweit 150 € — oder persönliche Übergabe in unserem Showroom in Frankfurt.</p><p><strong>Bei Zahlung per Überweisung bitte als Verwendungszweck angeben: HV-9177</strong></p>",Rolex,Armbanduhr,"Rolex, 126720VTNR, 2023, Sehr gut, Full Set",TRUE,Titel,Einzelstück,HV-P9177,shopify,1,deny,manual,14400,TRUE,TRUE,https://hahn-vo-df1c.vercel.app/assets/products/p9177/0.jpg,1,Rolex GMT Master II Left Hand Sprite,active
rolex-gmt-master-ii-left-hand-sprite-p9177,,,,,,,,,,,,,,,,,https://hahn-vo-df1c.vercel.app/assets/products/p9177/1.jpg,2,Rolex GMT Master II Left Hand Sprite,
rolex-gmt-master-ii-left-hand-sprite-p9177,,,,,,,,,,,,,,,,,https://hahn-vo-df1c.vercel.app/assets/products/p9177/2.jpg,3,Rolex GMT Master II Left Hand Sprite,
rolex-gmt-master-ii-left-hand-sprite-p9177,,,,,,,,,,,,,,,,,https://hahn-vo-df1c.vercel.app/assets/products/p9177/3.jpg,4,Rolex GMT Master II Left Hand Sprite,
rolex-gmt-master-ii-left-hand-sprite-p9177,,,,,,,,,,,,,,,,,https://hahn-vo-df1c.vercel.app/assets/products/p9177/4.jpg,5,Rolex GMT Master II Left Hand Sprite,
rolex-gmt-master-ii-left-hand-sprite-p9177,,,,,,,,,,,,,,,,,https://hahn-vo-df1c.vercel.app/assets/products/p9177/5.jpg,6,Rolex GMT Master II Left Hand Sprite,
breitling-avenger-chronograph-blau-45mm-p6059,Breitling Avenger Chronograph Blau 45mm,"<p>Hier präsentieren wir die Breitling Avenger Chronograph 45 aus dem Jahr 2020 im Full Set. Unsere Bilder sind unbearbeitet und zeigen jedes Detail – mehr, als das bloße Auge wahrnimmt.</p><table><tr><th align=""left"" style=""padding:4px 18px 4px 0"">Interner Code</th><td>HV-6059</td></tr><tr><th align=""left"" style=""padding:4px 18px 4px 0"">Referenz</th><td>A13317101C1A1</td></tr><tr><th align=""left"" style=""padding:4px 18px 4px 0"">Baujahr</th><td>2020</td></tr><tr><th align=""left"" style=""padding:4px 18px 4px 0"">Durchmesser</th><td>45 mm</td></tr><tr><th align=""left"" style=""padding:4px 18px 4px 0"">Gehäuse</th><td>Edelstahl</td></tr><tr><th align=""left"" style=""padding:4px 18px 4px 0"">Zifferblatt</th><td>Blau</td></tr><tr><th align=""left"" style=""padding:4px 18px 4px 0"">Band</th><td>Edelstahl</td></tr><tr><th align=""left"" style=""padding:4px 18px 4px 0"">Werk</th><td>Automatik</td></tr><tr><th align=""left"" style=""padding:4px 18px 4px 0"">Lieferumfang</th><td>Full Set, Papiere, Box, Echtheitszertifikat</td></tr><tr><th align=""left"" style=""padding:4px 18px 4px 0"">Zustand</th><td>Gut</td></tr></table><p>Jede Uhr wird vor dem Verkauf geprüft. 12 Monate Garantie auf das Werk, 14 Tage Rückgaberecht. Versand: Deutschland kostenfrei, Europa 79 €, weltweit 150 € — oder persönliche Übergabe in unserem Showroom in Frankfurt.</p><p><strong>Bei Zahlung per Überweisung bitte als Verwendungszweck angeben: HV-6059</strong></p>",Breitling,Armbanduhr,"Breitling, A13317101C1A1, 2020, Gut, Full Set",TRUE,Titel,Einzelstück,HV-P6059,shopify,1,deny,manual,3390,TRUE,TRUE,https://hahn-vo-df1c.vercel.app/assets/products/p6059/0.jpg,1,Breitling Avenger Chronograph Blau 45mm,active
breitling-avenger-chronograph-blau-45mm-p6059,,,,,,,,,,,,,,,,,https://hahn-vo-df1c.vercel.app/assets/products/p6059/1.jpg,2,Breitling Avenger Chronograph Blau 45mm,
breitling-avenger-chronograph-blau-45mm-p6059,,,,,,,,,,,,,,,,,https://hahn-vo-df1c.vercel.app/assets/products/p6059/2.jpg,3,Breitling Avenger Chronograph Blau 45mm,
breitling-avenger-chronograph-blau-45mm-p6059,,,,,,,,,,,,,,,,,https://hahn-vo-df1c.vercel.app/assets/products/p6059/3.jpg,4,Breitling Avenger Chronograph Blau 45mm,
breitling-avenger-chronograph-blau-45mm-p6059,,,,,,,,,,,,,,,,,https://hahn-vo-df1c.vercel.app/assets/products/p6059/4.jpg,5,Breitling Avenger Chronograph Blau 45mm,
breitling-avenger-chronograph-blau-45mm-p6059,,,,,,,,,,,,,,,,,https://hahn-vo-df1c.vercel.app/assets/products/p6059/5.jpg,6,Breitling Avenger Chronograph Blau 45mm,
a-lange-soehne-saxonia-ultra-thin-37-mm-weissgold-p5825,A. Lange & Söhne Saxonia Ultra Thin 37 mm Weißgold,"<p>Hier präsentieren wir die elegante A. Lange & Söhne Saxonia 37 mm Ref. 201.027. Eine Ikone deutscher Uhrmacherkunst. Zum Lieferumfang gehört zudem ein hochwertiges L&S Travel Pouch, das diese außergewöhnliche Uhr stilvoll ergänzt. Unsere Bilder sind unbearbeitet und zeigen jedes Detail – mehr, als das bloße Auge wahrnimmt.</p><table><tr><th align=""left"" style=""padding:4px 18px 4px 0"">Interner Code</th><td>HV-5825</td></tr><tr><th align=""left"" style=""padding:4px 18px 4px 0"">Referenz</th><td>201.027</td></tr><tr><th align=""left"" style=""padding:4px 18px 4px 0"">Durchmesser</th><td>37 mm</td></tr><tr><th align=""left"" style=""padding:4px 18px 4px 0"">Gehäuse</th><td>Weißgold</td></tr><tr><th align=""left"" style=""padding:4px 18px 4px 0"">Zifferblatt</th><td>Weiß</td></tr><tr><th align=""left"" style=""padding:4px 18px 4px 0"">Band</th><td>Leder (orig. L&S Armband sehr guter Zustand)</td></tr><tr><th align=""left"" style=""padding:4px 18px 4px 0"">Werk</th><td>Handaufzug (Kal. L.093.1)</td></tr><tr><th align=""left"" style=""padding:4px 18px 4px 0"">Zustand</th><td>Sehr gut</td></tr></table><p>Jede Uhr wird vor dem Verkauf geprüft. 12 Monate Garantie auf das Werk, 14 Tage Rückgaberecht. Versand: Deutschland kostenfrei, Europa 79 €, weltweit 150 € — oder persönliche Übergabe in unserem Showroom in Frankfurt.</p><p><strong>Bei Zahlung per Überweisung bitte als Verwendungszweck angeben: HV-5825</strong></p>",A. Lange & Söhne,Armbanduhr,"A. Lange & Söhne, 201.027, Sehr gut",TRUE,Titel,Einzelstück,HV-P5825,shopify,1,deny,manual,15400,TRUE,TRUE,https://hahn-vo-df1c.vercel.app/assets/products/p5825/0.jpg,1,A. Lange & Söhne Saxonia Ultra Thin 37 mm Weißgold,active
a-lange-soehne-saxonia-ultra-thin-37-mm-weissgold-p5825,,,,,,,,,,,,,,,,,https://hahn-vo-df1c.vercel.app/assets/products/p5825/1.jpg,2,A. Lange & Söhne Saxonia Ultra Thin 37 mm Weißgold,
a-lange-soehne-saxonia-ultra-thin-37-mm-weissgold-p5825,,,,,,,,,,,,,,,,,https://hahn-vo-df1c.vercel.app/assets/products/p5825/2.jpg,3,A. Lange & Söhne Saxonia Ultra Thin 37 mm Weißgold,
a-lange-soehne-saxonia-ultra-thin-37-mm-weissgold-p5825,,,,,,,,,,,,,,,,,https://hahn-vo-df1c.vercel.app/assets/products/p5825/3.jpg,4,A. Lange & Söhne Saxonia Ultra Thin 37 mm Weißgold,
a-lange-soehne-saxonia-ultra-thin-37-mm-weissgold-p5825,,,,,,,,,,,,,,,,,https://hahn-vo-df1c.vercel.app/assets/products/p5825/4.jpg,5,A. Lange & Söhne Saxonia Ultra Thin 37 mm Weißgold,
a-lange-soehne-saxonia-ultra-thin-37-mm-weissgold-p5825,,,,,,,,,,,,,,,,,https://hahn-vo-df1c.vercel.app/assets/products/p5825/5.jpg,6,A. Lange & Söhne Saxonia Ultra Thin 37 mm Weißgold,
a-lange-soehne-glashuette-taschenuhr-kaliber-43-l-s-p5085,A. Lange & Söhne Glashütte Taschenuhr Kaliber 43 L&S,"<p>Hier präsentieren wir eine Lange & Söhne Taschenuhr mit L&S Zertifikat und Archivauszug von Glashütte, sowie die original Uhrenbox. Ein wahres Sammlerstück. Unsere Bilder sind unbearbeitet und zeigen jedes Detail – mehr, als das bloße Auge wahrnimmt.</p><table><tr><th align=""left"" style=""padding:4px 18px 4px 0"">Interner Code</th><td>HV-5085</td></tr><tr><th align=""left"" style=""padding:4px 18px 4px 0"">Baujahr</th><td>1907</td></tr><tr><th align=""left"" style=""padding:4px 18px 4px 0"">Durchmesser</th><td>53 mm</td></tr><tr><th align=""left"" style=""padding:4px 18px 4px 0"">Gehäuse</th><td>Silber</td></tr><tr><th align=""left"" style=""padding:4px 18px 4px 0"">Zifferblatt</th><td>Weiß</td></tr><tr><th align=""left"" style=""padding:4px 18px 4px 0"">Werk</th><td>Handaufzug</td></tr><tr><th align=""left"" style=""padding:4px 18px 4px 0"">Lieferumfang</th><td>Box</td></tr><tr><th align=""left"" style=""padding:4px 18px 4px 0"">Zustand</th><td>Gut</td></tr></table><p>Jede Uhr wird vor dem Verkauf geprüft. 12 Monate Garantie auf das Werk, 14 Tage Rückgaberecht. Versand: Deutschland kostenfrei, Europa 79 €, weltweit 150 € — oder persönliche Übergabe in unserem Showroom in Frankfurt.</p><p><strong>Bei Zahlung per Überweisung bitte als Verwendungszweck angeben: HV-5085</strong></p>",A. Lange & Söhne,Armbanduhr,"A. Lange & Söhne, 1907, Gut",TRUE,Titel,Einzelstück,HV-P5085,shopify,1,deny,manual,3490,TRUE,TRUE,https://hahn-vo-df1c.vercel.app/assets/products/p5085/0.jpg,1,A. Lange & Söhne Glashütte Taschenuhr Kaliber 43 L&S,active
a-lange-soehne-glashuette-taschenuhr-kaliber-43-l-s-p5085,,,,,,,,,,,,,,,,,https://hahn-vo-df1c.vercel.app/assets/products/p5085/1.jpg,2,A. Lange & Söhne Glashütte Taschenuhr Kaliber 43 L&S,
a-lange-soehne-glashuette-taschenuhr-kaliber-43-l-s-p5085,,,,,,,,,,,,,,,,,https://hahn-vo-df1c.vercel.app/assets/products/p5085/2.jpg,3,A. Lange & Söhne Glashütte Taschenuhr Kaliber 43 L&S,
a-lange-soehne-glashuette-taschenuhr-kaliber-43-l-s-p5085,,,,,,,,,,,,,,,,,https://hahn-vo-df1c.vercel.app/assets/products/p5085/3.jpg,4,A. Lange & Söhne Glashütte Taschenuhr Kaliber 43 L&S,
a-lange-soehne-glashuette-taschenuhr-kaliber-43-l-s-p5085,,,,,,,,,,,,,,,,,https://hahn-vo-df1c.vercel.app/assets/products/p5085/4.jpg,5,A. Lange & Söhne Glashütte Taschenuhr Kaliber 43 L&S,
a-lange-soehne-glashuette-taschenuhr-kaliber-43-l-s-p5085,,,,,,,,,,,,,,,,,https://hahn-vo-df1c.vercel.app/assets/products/p5085/5.jpg,6,A. Lange & Söhne Glashütte Taschenuhr Kaliber 43 L&S,
breitling-chronomat-colt-zifferblatt-blau-kautschukband-p5044,Breitling Chronomat Colt Zifferblatt Blau + Kautschukband,"<p>Hier präsentieren wir den Breitling Chronomat Colt aus dem Jahr 2019 im Full Set. Unsere Bilder sind unbearbeitet und zeigen jedes Detail – mehr, als das bloße Auge wahrnimmt.</p><table><tr><th align=""left"" style=""padding:4px 18px 4px 0"">Interner Code</th><td>HV-5044</td></tr><tr><th align=""left"" style=""padding:4px 18px 4px 0"">Referenz</th><td>A17388</td></tr><tr><th align=""left"" style=""padding:4px 18px 4px 0"">Baujahr</th><td>2019</td></tr><tr><th align=""left"" style=""padding:4px 18px 4px 0"">Durchmesser</th><td>44 mm</td></tr><tr><th align=""left"" style=""padding:4px 18px 4px 0"">Gehäuse</th><td>Edelstahl</td></tr><tr><th align=""left"" style=""padding:4px 18px 4px 0"">Zifferblatt</th><td>Blau</td></tr><tr><th align=""left"" style=""padding:4px 18px 4px 0"">Band</th><td>Edelstahl + Kautschukband</td></tr><tr><th align=""left"" style=""padding:4px 18px 4px 0"">Werk</th><td>Automatik</td></tr><tr><th align=""left"" style=""padding:4px 18px 4px 0"">Lieferumfang</th><td>Full Set, Papiere, Box</td></tr><tr><th align=""left"" style=""padding:4px 18px 4px 0"">Zustand</th><td>Sehr gut</td></tr></table><p>Jede Uhr wird vor dem Verkauf geprüft. 12 Monate Garantie auf das Werk, 14 Tage Rückgaberecht. Versand: Deutschland kostenfrei, Europa 79 €, weltweit 150 € — oder persönliche Übergabe in unserem Showroom in Frankfurt.</p><p><strong>Bei Zahlung per Überweisung bitte als Verwendungszweck angeben: HV-5044</strong></p>",Breitling,Armbanduhr,"Breitling, A17388, 2019, Sehr gut, Full Set",TRUE,Titel,Einzelstück,HV-P5044,shopify,1,deny,manual,2290,TRUE,TRUE,https://hahn-vo-df1c.vercel.app/assets/products/p5044/0.jpg,1,Breitling Chronomat Colt Zifferblatt Blau + Kautschukband,active
breitling-chronomat-colt-zifferblatt-blau-kautschukband-p5044,,,,,,,,,,,,,,,,,https://hahn-vo-df1c.vercel.app/assets/products/p5044/1.jpg,2,Breitling Chronomat Colt Zifferblatt Blau + Kautschukband,
breitling-chronomat-colt-zifferblatt-blau-kautschukband-p5044,,,,,,,,,,,,,,,,,https://hahn-vo-df1c.vercel.app/assets/products/p5044/2.jpg,3,Breitling Chronomat Colt Zifferblatt Blau + Kautschukband,
breitling-chronomat-colt-zifferblatt-blau-kautschukband-p5044,,,,,,,,,,,,,,,,,https://hahn-vo-df1c.vercel.app/assets/products/p5044/3.jpg,4,Breitling Chronomat Colt Zifferblatt Blau + Kautschukband,
breitling-chronomat-colt-zifferblatt-blau-kautschukband-p5044,,,,,,,,,,,,,,,,,https://hahn-vo-df1c.vercel.app/assets/products/p5044/4.jpg,5,Breitling Chronomat Colt Zifferblatt Blau + Kautschukband,
breitling-chronomat-colt-zifferblatt-blau-kautschukband-p5044,,,,,,,,,,,,,,,,,https://hahn-vo-df1c.vercel.app/assets/products/p5044/5.jpg,6,Breitling Chronomat Colt Zifferblatt Blau + Kautschukband,
iwc-portugieser-yacht-club-chronograph-p5038,IWC Portugieser Yacht Club Chronograph,"<p>Hier präsentieren wir den IWC Portugieser Yacht Club Chrono im Full Set mit Flyback Funktion. Unsere Bilder sind unbearbeitet und zeigen jedes Detail – mehr, als das bloße Auge wahrnimmt.</p><table><tr><th align=""left"" style=""padding:4px 18px 4px 0"">Interner Code</th><td>HV-5038</td></tr><tr><th align=""left"" style=""padding:4px 18px 4px 0"">Referenz</th><td>IW390502</td></tr><tr><th align=""left"" style=""padding:4px 18px 4px 0"">Baujahr</th><td>2017</td></tr><tr><th align=""left"" style=""padding:4px 18px 4px 0"">Durchmesser</th><td>43 mm</td></tr><tr><th align=""left"" style=""padding:4px 18px 4px 0"">Gehäuse</th><td>Edelstahl</td></tr><tr><th align=""left"" style=""padding:4px 18px 4px 0"">Zifferblatt</th><td>Weiß</td></tr><tr><th align=""left"" style=""padding:4px 18px 4px 0"">Band</th><td>Leder / Kautschuk Inlay</td></tr><tr><th align=""left"" style=""padding:4px 18px 4px 0"">Werk</th><td>Automatik (Manufakturwerk mit Flybackfunktion)</td></tr><tr><th align=""left"" style=""padding:4px 18px 4px 0"">Lieferumfang</th><td>Full Set, Papiere, Box</td></tr><tr><th align=""left"" style=""padding:4px 18px 4px 0"">Zustand</th><td>Sehr gut</td></tr></table><p>Jede Uhr wird vor dem Verkauf geprüft. 12 Monate Garantie auf das Werk, 14 Tage Rückgaberecht. Versand: Deutschland kostenfrei, Europa 79 €, weltweit 150 € — oder persönliche Übergabe in unserem Showroom in Frankfurt.</p><p><strong>Bei Zahlung per Überweisung bitte als Verwendungszweck angeben: HV-5038</strong></p>",IWC,Armbanduhr,"IWC, IW390502, 2017, Sehr gut, Full Set",TRUE,Titel,Einzelstück,HV-P5038,shopify,1,deny,manual,5990,TRUE,TRUE,https://hahn-vo-df1c.vercel.app/assets/products/p5038/0.jpg,1,IWC Portugieser Yacht Club Chronograph,active
iwc-portugieser-yacht-club-chronograph-p5038,,,,,,,,,,,,,,,,,https://hahn-vo-df1c.vercel.app/assets/products/p5038/1.jpg,2,IWC Portugieser Yacht Club Chronograph,
iwc-portugieser-yacht-club-chronograph-p5038,,,,,,,,,,,,,,,,,https://hahn-vo-df1c.vercel.app/assets/products/p5038/2.jpg,3,IWC Portugieser Yacht Club Chronograph,
iwc-portugieser-yacht-club-chronograph-p5038,,,,,,,,,,,,,,,,,https://hahn-vo-df1c.vercel.app/assets/products/p5038/3.jpg,4,IWC Portugieser Yacht Club Chronograph,
iwc-portugieser-yacht-club-chronograph-p5038,,,,,,,,,,,,,,,,,https://hahn-vo-df1c.vercel.app/assets/products/p5038/4.jpg,5,IWC Portugieser Yacht Club Chronograph,
iwc-portugieser-yacht-club-chronograph-p5038,,,,,,,,,,,,,,,,,https://hahn-vo-df1c.vercel.app/assets/products/p5038/5.jpg,6,IWC Portugieser Yacht Club Chronograph,
panerai-radiomir-handaufzug-p3766,Panerai Radiomir Handaufzug,"<p>Hier präsentieren wir die Panerai Radiomir PAM01385 im Full Set aus dem Jahr 2024. Diese Panerai hat eine Restgarantie bis 2032. Unsere Bilder sind unbearbeitet und zeigen jedes Detail – mehr, als das bloße Auge wahrnimmt.</p><table><tr><th align=""left"" style=""padding:4px 18px 4px 0"">Interner Code</th><td>HV-3766</td></tr><tr><th align=""left"" style=""padding:4px 18px 4px 0"">Referenz</th><td>PAM01385</td></tr><tr><th align=""left"" style=""padding:4px 18px 4px 0"">Baujahr</th><td>2024 (Garantie bei Panerai bis 2032)</td></tr><tr><th align=""left"" style=""padding:4px 18px 4px 0"">Durchmesser</th><td>44 mm</td></tr><tr><th align=""left"" style=""padding:4px 18px 4px 0"">Gehäuse</th><td>Edelstahl</td></tr><tr><th align=""left"" style=""padding:4px 18px 4px 0"">Zifferblatt</th><td>Hellbraun</td></tr><tr><th align=""left"" style=""padding:4px 18px 4px 0"">Band</th><td>Leder</td></tr><tr><th align=""left"" style=""padding:4px 18px 4px 0"">Werk</th><td>Handaufzug</td></tr><tr><th align=""left"" style=""padding:4px 18px 4px 0"">Lieferumfang</th><td>Full Set, Papiere, Box</td></tr><tr><th align=""left"" style=""padding:4px 18px 4px 0"">Zustand</th><td>Sehr gut</td></tr></table><p>Jede Uhr wird vor dem Verkauf geprüft. 12 Monate Garantie auf das Werk, 14 Tage Rückgaberecht. Versand: Deutschland kostenfrei, Europa 79 €, weltweit 150 € — oder persönliche Übergabe in unserem Showroom in Frankfurt.</p><p><strong>Bei Zahlung per Überweisung bitte als Verwendungszweck angeben: HV-3766</strong></p>",Panerai,Armbanduhr,"Panerai, PAM01385, 2024 (Garantie bei Panerai bis 2032), Sehr gut, Full Set",TRUE,Titel,Einzelstück,HV-P3766,shopify,1,deny,manual,5450,TRUE,TRUE,https://hahn-vo-df1c.vercel.app/assets/products/p3766/0.jpg,1,Panerai Radiomir Handaufzug,active
panerai-radiomir-handaufzug-p3766,,,,,,,,,,,,,,,,,https://hahn-vo-df1c.vercel.app/assets/products/p3766/1.jpg,2,Panerai Radiomir Handaufzug,
panerai-radiomir-handaufzug-p3766,,,,,,,,,,,,,,,,,https://hahn-vo-df1c.vercel.app/assets/products/p3766/2.jpg,3,Panerai Radiomir Handaufzug,
panerai-radiomir-handaufzug-p3766,,,,,,,,,,,,,,,,,https://hahn-vo-df1c.vercel.app/assets/products/p3766/3.jpg,4,Panerai Radiomir Handaufzug,
panerai-radiomir-handaufzug-p3766,,,,,,,,,,,,,,,,,https://hahn-vo-df1c.vercel.app/assets/products/p3766/4.jpg,5,Panerai Radiomir Handaufzug,
panerai-radiomir-handaufzug-p3766,,,,,,,,,,,,,,,,,https://hahn-vo-df1c.vercel.app/assets/products/p3766/5.jpg,6,Panerai Radiomir Handaufzug,
rolex-oyster-perpetual-date-34-p3762,Rolex Oyster Perpetual Date 34,"<p>Hier präsentieren wir die Rolex Oyster Perpetual Date 15200 im Full Set. Die Oyster Perpetual Date 34 hatte eine Revision im Jahre 2021 bei Rolex gehabt. Unsere Bilder sind unbearbeitet und zeigen jedes Detail – mehr, als das bloße Auge wahrnimmt.</p><table><tr><th align=""left"" style=""padding:4px 18px 4px 0"">Interner Code</th><td>HV-3762</td></tr><tr><th align=""left"" style=""padding:4px 18px 4px 0"">Referenz</th><td>15200</td></tr><tr><th align=""left"" style=""padding:4px 18px 4px 0"">Baujahr</th><td>2000</td></tr><tr><th align=""left"" style=""padding:4px 18px 4px 0"">Durchmesser</th><td>34 mm</td></tr><tr><th align=""left"" style=""padding:4px 18px 4px 0"">Gehäuse</th><td>Edelstahl</td></tr><tr><th align=""left"" style=""padding:4px 18px 4px 0"">Zifferblatt</th><td>Silber</td></tr><tr><th align=""left"" style=""padding:4px 18px 4px 0"">Band</th><td>Edelstahl</td></tr><tr><th align=""left"" style=""padding:4px 18px 4px 0"">Werk</th><td>Automatik</td></tr><tr><th align=""left"" style=""padding:4px 18px 4px 0"">Lieferumfang</th><td>Full Set, Papiere, Box</td></tr><tr><th align=""left"" style=""padding:4px 18px 4px 0"">Zustand</th><td>Sehr gut</td></tr></table><p>Jede Uhr wird vor dem Verkauf geprüft. 12 Monate Garantie auf das Werk, 14 Tage Rückgaberecht. Versand: Deutschland kostenfrei, Europa 79 €, weltweit 150 € — oder persönliche Übergabe in unserem Showroom in Frankfurt.</p><p><strong>Bei Zahlung per Überweisung bitte als Verwendungszweck angeben: HV-3762</strong></p>",Rolex,Armbanduhr,"Rolex, 15200, 2000, Sehr gut, Full Set",TRUE,Titel,Einzelstück,HV-P3762,shopify,1,deny,manual,5290,TRUE,TRUE,https://hahn-vo-df1c.vercel.app/assets/products/p3762/0.jpg,1,Rolex Oyster Perpetual Date 34,active
rolex-oyster-perpetual-date-34-p3762,,,,,,,,,,,,,,,,,https://hahn-vo-df1c.vercel.app/assets/products/p3762/1.jpg,2,Rolex Oyster Perpetual Date 34,
rolex-oyster-perpetual-date-34-p3762,,,,,,,,,,,,,,,,,https://hahn-vo-df1c.vercel.app/assets/products/p3762/2.jpg,3,Rolex Oyster Perpetual Date 34,
rolex-oyster-perpetual-date-34-p3762,,,,,,,,,,,,,,,,,https://hahn-vo-df1c.vercel.app/assets/products/p3762/3.jpg,4,Rolex Oyster Perpetual Date 34,
rolex-oyster-perpetual-date-34-p3762,,,,,,,,,,,,,,,,,https://hahn-vo-df1c.vercel.app/assets/products/p3762/4.jpg,5,Rolex Oyster Perpetual Date 34,
rolex-oyster-perpetual-date-34-p3762,,,,,,,,,,,,,,,,,https://hahn-vo-df1c.vercel.app/assets/products/p3762/5.jpg,6,Rolex Oyster Perpetual Date 34,
iwc-fliegeruhr-chronograph-bronze-garantiekarte-p4284,IWC Fliegeruhr Chronograph Bronze Garantiekarte,"<p>Hier präsentieren wir die IWC Fliegeruhr Chronograph aus dem Jahr 2020 mit IWC Zertifikat. Unsere Bilder sind unbearbeitet und zeigen jedes Detail – mehr, als das bloße Auge wahrnimmt.</p><table><tr><th align=""left"" style=""padding:4px 18px 4px 0"">Interner Code</th><td>HV-4284</td></tr><tr><th align=""left"" style=""padding:4px 18px 4px 0"">Referenz</th><td>IW387902</td></tr><tr><th align=""left"" style=""padding:4px 18px 4px 0"">Baujahr</th><td>2020</td></tr><tr><th align=""left"" style=""padding:4px 18px 4px 0"">Durchmesser</th><td>41</td></tr><tr><th align=""left"" style=""padding:4px 18px 4px 0"">Gehäuse</th><td>Bronze</td></tr><tr><th align=""left"" style=""padding:4px 18px 4px 0"">Zifferblatt</th><td>Grün</td></tr><tr><th align=""left"" style=""padding:4px 18px 4px 0"">Band</th><td>Leder</td></tr><tr><th align=""left"" style=""padding:4px 18px 4px 0"">Werk</th><td>Automatik</td></tr><tr><th align=""left"" style=""padding:4px 18px 4px 0"">Lieferumfang</th><td>Full Set, Papiere, Box, Echtheitszertifikat</td></tr><tr><th align=""left"" style=""padding:4px 18px 4px 0"">Zustand</th><td>Gut</td></tr></table><p>Jede Uhr wird vor dem Verkauf geprüft. 12 Monate Garantie auf das Werk, 14 Tage Rückgaberecht. Versand: Deutschland kostenfrei, Europa 79 €, weltweit 150 € — oder persönliche Übergabe in unserem Showroom in Frankfurt.</p><p><strong>Bei Zahlung per Überweisung bitte als Verwendungszweck angeben: HV-4284</strong></p>",IWC,Armbanduhr,"IWC, IW387902, 2020, Gut, Full Set",TRUE,Titel,Einzelstück,HV-P4284,shopify,1,deny,manual,5390,TRUE,TRUE,https://hahn-vo-df1c.vercel.app/assets/products/p4284/0.jpg,1,IWC Fliegeruhr Chronograph Bronze Garantiekarte,active
iwc-fliegeruhr-chronograph-bronze-garantiekarte-p4284,,,,,,,,,,,,,,,,,https://hahn-vo-df1c.vercel.app/assets/products/p4284/1.jpg,2,IWC Fliegeruhr Chronograph Bronze Garantiekarte,
iwc-fliegeruhr-chronograph-bronze-garantiekarte-p4284,,,,,,,,,,,,,,,,,https://hahn-vo-df1c.vercel.app/assets/products/p4284/2.jpg,3,IWC Fliegeruhr Chronograph Bronze Garantiekarte,
iwc-fliegeruhr-chronograph-bronze-garantiekarte-p4284,,,,,,,,,,,,,,,,,https://hahn-vo-df1c.vercel.app/assets/products/p4284/3.jpg,4,IWC Fliegeruhr Chronograph Bronze Garantiekarte,
iwc-fliegeruhr-chronograph-bronze-garantiekarte-p4284,,,,,,,,,,,,,,,,,https://hahn-vo-df1c.vercel.app/assets/products/p4284/4.jpg,5,IWC Fliegeruhr Chronograph Bronze Garantiekarte,
iwc-fliegeruhr-chronograph-bronze-garantiekarte-p4284,,,,,,,,,,,,,,,,,https://hahn-vo-df1c.vercel.app/assets/products/p4284/5.jpg,6,IWC Fliegeruhr Chronograph Bronze Garantiekarte,
cartier-santos-galbee-stahl-gold-24x35-quarz-p4267,Cartier Santos Galbee Stahl/Gold 24x35 Quarz,"<p>Hier präsentieren wir die Cartier Santos Galbee in Edelstahl/Gelbgold. Unsere Bilder sind unbearbeitet und zeigen jedes Detail – mehr, als das bloße Auge wahrnimmt.</p><table><tr><th align=""left"" style=""padding:4px 18px 4px 0"">Interner Code</th><td>HV-4267</td></tr><tr><th align=""left"" style=""padding:4px 18px 4px 0"">Referenz</th><td>119902</td></tr><tr><th align=""left"" style=""padding:4px 18px 4px 0"">Durchmesser</th><td>24 x 35</td></tr><tr><th align=""left"" style=""padding:4px 18px 4px 0"">Gehäuse</th><td>Edelstahl/Gelbgold</td></tr><tr><th align=""left"" style=""padding:4px 18px 4px 0"">Zifferblatt</th><td>Weiß</td></tr><tr><th align=""left"" style=""padding:4px 18px 4px 0"">Band</th><td>Edelstahl/Gelbgold</td></tr><tr><th align=""left"" style=""padding:4px 18px 4px 0"">Werk</th><td>Quarz</td></tr><tr><th align=""left"" style=""padding:4px 18px 4px 0"">Lieferumfang</th><td>Full Set, Papiere, Echtheitszertifikat</td></tr><tr><th align=""left"" style=""padding:4px 18px 4px 0"">Zustand</th><td>Gut</td></tr></table><p>Jede Uhr wird vor dem Verkauf geprüft. 12 Monate Garantie auf das Werk, 14 Tage Rückgaberecht. Versand: Deutschland kostenfrei, Europa 79 €, weltweit 150 € — oder persönliche Übergabe in unserem Showroom in Frankfurt.</p><p><strong>Bei Zahlung per Überweisung bitte als Verwendungszweck angeben: HV-4267</strong></p>",Cartier,Armbanduhr,"Cartier, 119902, Gut, Full Set",TRUE,Titel,Einzelstück,HV-P4267,shopify,1,deny,manual,4480,TRUE,TRUE,https://hahn-vo-df1c.vercel.app/assets/products/p4267/0.jpg,1,Cartier Santos Galbee Stahl/Gold 24x35 Quarz,active
cartier-santos-galbee-stahl-gold-24x35-quarz-p4267,,,,,,,,,,,,,,,,,https://hahn-vo-df1c.vercel.app/assets/products/p4267/1.jpg,2,Cartier Santos Galbee Stahl/Gold 24x35 Quarz,
cartier-santos-galbee-stahl-gold-24x35-quarz-p4267,,,,,,,,,,,,,,,,,https://hahn-vo-df1c.vercel.app/assets/products/p4267/2.jpg,3,Cartier Santos Galbee Stahl/Gold 24x35 Quarz,
cartier-santos-galbee-stahl-gold-24x35-quarz-p4267,,,,,,,,,,,,,,,,,https://hahn-vo-df1c.vercel.app/assets/products/p4267/3.jpg,4,Cartier Santos Galbee Stahl/Gold 24x35 Quarz,
sinn-203-ti-chronograph-automatik-sinn-rechnung-1x-titanband-zifferblatt-303-yukon-kristall-p7015,Sinn 203 Ti Chronograph Automatik Sinn-Rechnung + 1x Titanband Zifferblatt 303 Yukon Kristall,"<p>Hier präsentieren wir euch die Sinn 203 Chronograph mit Titangehäuse und Titanarmband. Die originale Sinn-Rechnung aus dem Jahr 1999 ist ebenfalls vorhanden. Zusätzlich wurde die Lünette im Januar 2023 direkt bei Sinn erneuert, der entsprechende Servicenachweis liegt bei. Zum Lieferumfang gehören außerdem ein 2. originales Titanarmband sowie alle beim Lünettenwechsel ausgebauten Originalteile.</p><table><tr><th align=""left"" style=""padding:4px 18px 4px 0"">Interner Code</th><td>HV-7015</td></tr><tr><th align=""left"" style=""padding:4px 18px 4px 0"">Baujahr</th><td>1999</td></tr><tr><th align=""left"" style=""padding:4px 18px 4px 0"">Durchmesser</th><td>41 mm</td></tr><tr><th align=""left"" style=""padding:4px 18px 4px 0"">Gehäuse</th><td>Titan</td></tr><tr><th align=""left"" style=""padding:4px 18px 4px 0"">Zifferblatt</th><td>Blau</td></tr><tr><th align=""left"" style=""padding:4px 18px 4px 0"">Band</th><td>Titan</td></tr><tr><th align=""left"" style=""padding:4px 18px 4px 0"">Werk</th><td>Automatik</td></tr><tr><th align=""left"" style=""padding:4px 18px 4px 0"">Zustand</th><td>Gut</td></tr></table><p>Jede Uhr wird vor dem Verkauf geprüft. 12 Monate Garantie auf das Werk, 14 Tage Rückgaberecht. Versand: Deutschland kostenfrei, Europa 79 €, weltweit 150 € — oder persönliche Übergabe in unserem Showroom in Frankfurt.</p><p><strong>Bei Zahlung per Überweisung bitte als Verwendungszweck angeben: HV-7015</strong></p>",Sinn,Armbanduhr,"Sinn, 1999, Gut",TRUE,Titel,Einzelstück,HV-P7015,shopify,1,deny,manual,2390,TRUE,TRUE,https://hahn-vo-df1c.vercel.app/assets/products/p7015/0.jpg,1,Sinn 203 Ti Chronograph Automatik Sinn-Rechnung + 1x Titanband Zifferblatt 303 Yukon Kristall,active
sinn-203-ti-chronograph-automatik-sinn-rechnung-1x-titanband-zifferblatt-303-yukon-kristall-p7015,,,,,,,,,,,,,,,,,https://hahn-vo-df1c.vercel.app/assets/products/p7015/1.jpg,2,Sinn 203 Ti Chronograph Automatik Sinn-Rechnung + 1x Titanband Zifferblatt 303 Yukon Kristall,
sinn-203-ti-chronograph-automatik-sinn-rechnung-1x-titanband-zifferblatt-303-yukon-kristall-p7015,,,,,,,,,,,,,,,,,https://hahn-vo-df1c.vercel.app/assets/products/p7015/2.jpg,3,Sinn 203 Ti Chronograph Automatik Sinn-Rechnung + 1x Titanband Zifferblatt 303 Yukon Kristall,
sinn-203-ti-chronograph-automatik-sinn-rechnung-1x-titanband-zifferblatt-303-yukon-kristall-p7015,,,,,,,,,,,,,,,,,https://hahn-vo-df1c.vercel.app/assets/products/p7015/3.jpg,4,Sinn 203 Ti Chronograph Automatik Sinn-Rechnung + 1x Titanband Zifferblatt 303 Yukon Kristall,
sinn-203-ti-chronograph-automatik-sinn-rechnung-1x-titanband-zifferblatt-303-yukon-kristall-p7015,,,,,,,,,,,,,,,,,https://hahn-vo-df1c.vercel.app/assets/products/p7015/4.jpg,5,Sinn 203 Ti Chronograph Automatik Sinn-Rechnung + 1x Titanband Zifferblatt 303 Yukon Kristall,
sinn-203-ti-chronograph-automatik-sinn-rechnung-1x-titanband-zifferblatt-303-yukon-kristall-p7015,,,,,,,,,,,,,,,,,https://hahn-vo-df1c.vercel.app/assets/products/p7015/5.jpg,6,Sinn 203 Ti Chronograph Automatik Sinn-Rechnung + 1x Titanband Zifferblatt 303 Yukon Kristall,
vacheron-constantin-overseas-chronograph-zifferblatt-weiss-p3734,Vacheron Constantin Overseas Chronograph Zifferblatt Weiß,"<p>Hier präsentieren wir den Vacheron Constantin Overseas Chronograph mit orig. VC Uhrenbox. Unsere Bilder sind unbearbeitet und zeigen jedes Detail – mehr, als das bloße Auge wahrnimmt.</p><table><tr><th align=""left"" style=""padding:4px 18px 4px 0"">Interner Code</th><td>HV-3734</td></tr><tr><th align=""left"" style=""padding:4px 18px 4px 0"">Referenz</th><td>49150</td></tr><tr><th align=""left"" style=""padding:4px 18px 4px 0"">Durchmesser</th><td>42 mm</td></tr><tr><th align=""left"" style=""padding:4px 18px 4px 0"">Gehäuse</th><td>Edelstahl</td></tr><tr><th align=""left"" style=""padding:4px 18px 4px 0"">Zifferblatt</th><td>Weiß</td></tr><tr><th align=""left"" style=""padding:4px 18px 4px 0"">Band</th><td>Edelstahl</td></tr><tr><th align=""left"" style=""padding:4px 18px 4px 0"">Werk</th><td>Automatik</td></tr><tr><th align=""left"" style=""padding:4px 18px 4px 0"">Lieferumfang</th><td>Box</td></tr><tr><th align=""left"" style=""padding:4px 18px 4px 0"">Zustand</th><td>Sehr gut</td></tr></table><p>Jede Uhr wird vor dem Verkauf geprüft. 12 Monate Garantie auf das Werk, 14 Tage Rückgaberecht. Versand: Deutschland kostenfrei, Europa 79 €, weltweit 150 € — oder persönliche Übergabe in unserem Showroom in Frankfurt.</p><p><strong>Bei Zahlung per Überweisung bitte als Verwendungszweck angeben: HV-3734</strong></p>",Vacheron Constantin,Armbanduhr,"Vacheron Constantin, 49150, Sehr gut",TRUE,Titel,Einzelstück,HV-P3734,shopify,1,deny,manual,16490,TRUE,TRUE,https://hahn-vo-df1c.vercel.app/assets/products/p3734/0.jpg,1,Vacheron Constantin Overseas Chronograph Zifferblatt Weiß,active
vacheron-constantin-overseas-chronograph-zifferblatt-weiss-p3734,,,,,,,,,,,,,,,,,https://hahn-vo-df1c.vercel.app/assets/products/p3734/1.jpg,2,Vacheron Constantin Overseas Chronograph Zifferblatt Weiß,
vacheron-constantin-overseas-chronograph-zifferblatt-weiss-p3734,,,,,,,,,,,,,,,,,https://hahn-vo-df1c.vercel.app/assets/products/p3734/2.jpg,3,Vacheron Constantin Overseas Chronograph Zifferblatt Weiß,
vacheron-constantin-overseas-chronograph-zifferblatt-weiss-p3734,,,,,,,,,,,,,,,,,https://hahn-vo-df1c.vercel.app/assets/products/p3734/3.jpg,4,Vacheron Constantin Overseas Chronograph Zifferblatt Weiß,
vacheron-constantin-overseas-chronograph-zifferblatt-weiss-p3734,,,,,,,,,,,,,,,,,https://hahn-vo-df1c.vercel.app/assets/products/p3734/4.jpg,5,Vacheron Constantin Overseas Chronograph Zifferblatt Weiß,
vacheron-constantin-overseas-chronograph-zifferblatt-weiss-p3734,,,,,,,,,,,,,,,,,https://hahn-vo-df1c.vercel.app/assets/products/p3734/5.jpg,6,Vacheron Constantin Overseas Chronograph Zifferblatt Weiß,
iwc-big-pilot-big-date-150-years-zifferblatt-blau-p5556,IWC Big Pilot Big Date 150 Years Zifferblatt blau,"<p>Hier präsentieren wir die IWC Big Pilot Big Date 150 Years Edition. Eine streng limitierte Big Pilot zum 150 jährigen Jubiläum von IWC Schaffhausen. Unsere Bilder sind unbearbeitet und zeigen jedes Detail – mehr, als das bloße Auge wahrnimmt.</p><table><tr><th align=""left"" style=""padding:4px 18px 4px 0"">Interner Code</th><td>HV-5556</td></tr><tr><th align=""left"" style=""padding:4px 18px 4px 0"">Referenz</th><td>IW510503</td></tr><tr><th align=""left"" style=""padding:4px 18px 4px 0"">Baujahr</th><td>Dezember 2019</td></tr><tr><th align=""left"" style=""padding:4px 18px 4px 0"">Durchmesser</th><td>46 mm</td></tr><tr><th align=""left"" style=""padding:4px 18px 4px 0"">Gehäuse</th><td>Edelstahl</td></tr><tr><th align=""left"" style=""padding:4px 18px 4px 0"">Zifferblatt</th><td>Blau Emaille Look)</td></tr><tr><th align=""left"" style=""padding:4px 18px 4px 0"">Band</th><td>Leder</td></tr><tr><th align=""left"" style=""padding:4px 18px 4px 0"">Werk</th><td>Handaufzug (8x Tage Gangreserve)</td></tr><tr><th align=""left"" style=""padding:4px 18px 4px 0"">Lieferumfang</th><td>Full Set, Papiere, Box</td></tr><tr><th align=""left"" style=""padding:4px 18px 4px 0"">Zustand</th><td>Neuwertig & ungetragen</td></tr></table><p>Jede Uhr wird vor dem Verkauf geprüft. 12 Monate Garantie auf das Werk, 14 Tage Rückgaberecht. Versand: Deutschland kostenfrei, Europa 79 €, weltweit 150 € — oder persönliche Übergabe in unserem Showroom in Frankfurt.</p><p><strong>Bei Zahlung per Überweisung bitte als Verwendungszweck angeben: HV-5556</strong></p>",IWC,Armbanduhr,"IWC, IW510503, Dezember 2019, Neuwertig & ungetragen, Full Set",TRUE,Titel,Einzelstück,HV-P5556,shopify,1,deny,manual,13950,TRUE,TRUE,https://hahn-vo-df1c.vercel.app/assets/products/p5556/0.jpg,1,IWC Big Pilot Big Date 150 Years Zifferblatt blau,active
iwc-big-pilot-big-date-150-years-zifferblatt-blau-p5556,,,,,,,,,,,,,,,,,https://hahn-vo-df1c.vercel.app/assets/products/p5556/1.jpg,2,IWC Big Pilot Big Date 150 Years Zifferblatt blau,
iwc-big-pilot-big-date-150-years-zifferblatt-blau-p5556,,,,,,,,,,,,,,,,,https://hahn-vo-df1c.vercel.app/assets/products/p5556/2.jpg,3,IWC Big Pilot Big Date 150 Years Zifferblatt blau,
iwc-big-pilot-big-date-150-years-zifferblatt-blau-p5556,,,,,,,,,,,,,,,,,https://hahn-vo-df1c.vercel.app/assets/products/p5556/3.jpg,4,IWC Big Pilot Big Date 150 Years Zifferblatt blau,
iwc-big-pilot-big-date-150-years-zifferblatt-blau-p5556,,,,,,,,,,,,,,,,,https://hahn-vo-df1c.vercel.app/assets/products/p5556/4.jpg,5,IWC Big Pilot Big Date 150 Years Zifferblatt blau,
iwc-big-pilot-big-date-150-years-zifferblatt-blau-p5556,,,,,,,,,,,,,,,,,https://hahn-vo-df1c.vercel.app/assets/products/p5556/5.jpg,6,IWC Big Pilot Big Date 150 Years Zifferblatt blau,
iwc-big-pilot-big-date-150-years-zifferblatt-weiss-p5555,IWC Big Pilot Big Date 150 Years Zifferblatt weiß,"<p>Hier präsentieren wir die IWC Big Pilot Big Date 150 Years Edition. Eine streng limitierte Big Pilot zum 150 jährigen Jubiläum von IWC Schaffhausen. Unsere Bilder sind unbearbeitet und zeigen jedes Detail – mehr, als das bloße Auge wahrnimmt.</p><table><tr><th align=""left"" style=""padding:4px 18px 4px 0"">Interner Code</th><td>HV-5555</td></tr><tr><th align=""left"" style=""padding:4px 18px 4px 0"">Referenz</th><td>IW510504</td></tr><tr><th align=""left"" style=""padding:4px 18px 4px 0"">Baujahr</th><td>Dezember 2018</td></tr><tr><th align=""left"" style=""padding:4px 18px 4px 0"">Durchmesser</th><td>46 mm</td></tr><tr><th align=""left"" style=""padding:4px 18px 4px 0"">Gehäuse</th><td>Edelstahl</td></tr><tr><th align=""left"" style=""padding:4px 18px 4px 0"">Zifferblatt</th><td>Weiß (Emaille Look)</td></tr><tr><th align=""left"" style=""padding:4px 18px 4px 0"">Band</th><td>Leder</td></tr><tr><th align=""left"" style=""padding:4px 18px 4px 0"">Werk</th><td>Handaufzug (8x Tage Gangreserve)</td></tr><tr><th align=""left"" style=""padding:4px 18px 4px 0"">Lieferumfang</th><td>Full Set, Papiere, Box</td></tr><tr><th align=""left"" style=""padding:4px 18px 4px 0"">Zustand</th><td>Sehr gut</td></tr></table><p>Jede Uhr wird vor dem Verkauf geprüft. 12 Monate Garantie auf das Werk, 14 Tage Rückgaberecht. Versand: Deutschland kostenfrei, Europa 79 €, weltweit 150 € — oder persönliche Übergabe in unserem Showroom in Frankfurt.</p><p><strong>Bei Zahlung per Überweisung bitte als Verwendungszweck angeben: HV-5555</strong></p>",IWC,Armbanduhr,"IWC, IW510504, Dezember 2018, Sehr gut, Full Set",TRUE,Titel,Einzelstück,HV-P5555,shopify,1,deny,manual,13950,TRUE,TRUE,https://hahn-vo-df1c.vercel.app/assets/products/p5555/0.jpg,1,IWC Big Pilot Big Date 150 Years Zifferblatt weiß,active
iwc-big-pilot-big-date-150-years-zifferblatt-weiss-p5555,,,,,,,,,,,,,,,,,https://hahn-vo-df1c.vercel.app/assets/products/p5555/1.jpg,2,IWC Big Pilot Big Date 150 Years Zifferblatt weiß,
iwc-big-pilot-big-date-150-years-zifferblatt-weiss-p5555,,,,,,,,,,,,,,,,,https://hahn-vo-df1c.vercel.app/assets/products/p5555/2.jpg,3,IWC Big Pilot Big Date 150 Years Zifferblatt weiß,
iwc-big-pilot-big-date-150-years-zifferblatt-weiss-p5555,,,,,,,,,,,,,,,,,https://hahn-vo-df1c.vercel.app/assets/products/p5555/3.jpg,4,IWC Big Pilot Big Date 150 Years Zifferblatt weiß,
iwc-big-pilot-big-date-150-years-zifferblatt-weiss-p5555,,,,,,,,,,,,,,,,,https://hahn-vo-df1c.vercel.app/assets/products/p5555/4.jpg,5,IWC Big Pilot Big Date 150 Years Zifferblatt weiß,
iwc-big-pilot-big-date-150-years-zifferblatt-weiss-p5555,,,,,,,,,,,,,,,,,https://hahn-vo-df1c.vercel.app/assets/products/p5555/5.jpg,6,IWC Big Pilot Big Date 150 Years Zifferblatt weiß,
breitling-superocean-44-automatik-p1237,Breitling Superocean 44 Automatik,"<p>Hier präsentieren wir die Breitling Superocean aus dem Jahr 2020 im Full Set. Unsere Bilder sind unbearbeitet und zeigen jedes Detail – mehr, als das bloße Auge wahrnimmt.</p><table><tr><th align=""left"" style=""padding:4px 18px 4px 0"">Interner Code</th><td>HV-1237</td></tr><tr><th align=""left"" style=""padding:4px 18px 4px 0"">Referenz</th><td>A17367D71B1A1</td></tr><tr><th align=""left"" style=""padding:4px 18px 4px 0"">Baujahr</th><td>2020</td></tr><tr><th align=""left"" style=""padding:4px 18px 4px 0"">Durchmesser</th><td>44</td></tr><tr><th align=""left"" style=""padding:4px 18px 4px 0"">Gehäuse</th><td>Edelstahl</td></tr><tr><th align=""left"" style=""padding:4px 18px 4px 0"">Zifferblatt</th><td>Schwarz</td></tr><tr><th align=""left"" style=""padding:4px 18px 4px 0"">Band</th><td>Edelstahl (starke Gebrauchspuren, siehe Bilder)</td></tr><tr><th align=""left"" style=""padding:4px 18px 4px 0"">Werk</th><td>Automatik</td></tr><tr><th align=""left"" style=""padding:4px 18px 4px 0"">Lieferumfang</th><td>Full Set, Papiere, Box, Echtheitszertifikat</td></tr><tr><th align=""left"" style=""padding:4px 18px 4px 0"">Zustand</th><td>Befriedigend</td></tr></table><p>Jede Uhr wird vor dem Verkauf geprüft. 12 Monate Garantie auf das Werk, 14 Tage Rückgaberecht. Versand: Deutschland kostenfrei, Europa 79 €, weltweit 150 € — oder persönliche Übergabe in unserem Showroom in Frankfurt.</p><p><strong>Bei Zahlung per Überweisung bitte als Verwendungszweck angeben: HV-1237</strong></p>",Breitling,Armbanduhr,"Breitling, A17367D71B1A1, 2020, Befriedigend, Full Set",TRUE,Titel,Einzelstück,HV-P1237,shopify,1,deny,manual,2590,TRUE,TRUE,https://hahn-vo-df1c.vercel.app/assets/products/p1237/0.jpg,1,Breitling Superocean 44 Automatik,active
breitling-superocean-44-automatik-p1237,,,,,,,,,,,,,,,,,https://hahn-vo-df1c.vercel.app/assets/products/p1237/1.jpg,2,Breitling Superocean 44 Automatik,
breitling-superocean-44-automatik-p1237,,,,,,,,,,,,,,,,,https://hahn-vo-df1c.vercel.app/assets/products/p1237/2.jpg,3,Breitling Superocean 44 Automatik,
breitling-superocean-44-automatik-p1237,,,,,,,,,,,,,,,,,https://hahn-vo-df1c.vercel.app/assets/products/p1237/3.jpg,4,Breitling Superocean 44 Automatik,
breitling-superocean-44-automatik-p1237,,,,,,,,,,,,,,,,,https://hahn-vo-df1c.vercel.app/assets/products/p1237/4.jpg,5,Breitling Superocean 44 Automatik,
breitling-superocean-44-automatik-p1237,,,,,,,,,,,,,,,,,https://hahn-vo-df1c.vercel.app/assets/products/p1237/5.jpg,6,Breitling Superocean 44 Automatik,
panerai-radiomir-handaufzug-47mm-p1218,Panerai Radiomir Handaufzug 47mm,"<p>Hier präsentieren wir die Panerai Radiomir 1940 aus dem Jahr 2016 im Full Set. Unsere Bilder sind unbearbeitet und zeigen jedes Detail – mehr, als das bloße Auge wahrnimmt.</p><table><tr><th align=""left"" style=""padding:4px 18px 4px 0"">Interner Code</th><td>HV-1218</td></tr><tr><th align=""left"" style=""padding:4px 18px 4px 0"">Referenz</th><td>PAM00662</td></tr><tr><th align=""left"" style=""padding:4px 18px 4px 0"">Baujahr</th><td>2016</td></tr><tr><th align=""left"" style=""padding:4px 18px 4px 0"">Durchmesser</th><td>47 mm</td></tr><tr><th align=""left"" style=""padding:4px 18px 4px 0"">Gehäuse</th><td>Edelstahl</td></tr><tr><th align=""left"" style=""padding:4px 18px 4px 0"">Zifferblatt</th><td>Braun</td></tr><tr><th align=""left"" style=""padding:4px 18px 4px 0"">Band</th><td>Kautschuk</td></tr><tr><th align=""left"" style=""padding:4px 18px 4px 0"">Werk</th><td>P. 3000 Handaufzug</td></tr><tr><th align=""left"" style=""padding:4px 18px 4px 0"">Lieferumfang</th><td>Full Set, Papiere, Box, Echtheitszertifikat</td></tr><tr><th align=""left"" style=""padding:4px 18px 4px 0"">Zustand</th><td>Sehr gut</td></tr></table><p>Jede Uhr wird vor dem Verkauf geprüft. 12 Monate Garantie auf das Werk, 14 Tage Rückgaberecht. Versand: Deutschland kostenfrei, Europa 79 €, weltweit 150 € — oder persönliche Übergabe in unserem Showroom in Frankfurt.</p><p><strong>Bei Zahlung per Überweisung bitte als Verwendungszweck angeben: HV-1218</strong></p>",Panerai,Armbanduhr,"Panerai, PAM00662, 2016, Sehr gut, Full Set",TRUE,Titel,Einzelstück,HV-P1218,shopify,1,deny,manual,5490,TRUE,TRUE,https://hahn-vo-df1c.vercel.app/assets/products/p1218/0.jpg,1,Panerai Radiomir Handaufzug 47mm,active
panerai-radiomir-handaufzug-47mm-p1218,,,,,,,,,,,,,,,,,https://hahn-vo-df1c.vercel.app/assets/products/p1218/1.jpg,2,Panerai Radiomir Handaufzug 47mm,
panerai-radiomir-handaufzug-47mm-p1218,,,,,,,,,,,,,,,,,https://hahn-vo-df1c.vercel.app/assets/products/p1218/2.jpg,3,Panerai Radiomir Handaufzug 47mm,
panerai-radiomir-handaufzug-47mm-p1218,,,,,,,,,,,,,,,,,https://hahn-vo-df1c.vercel.app/assets/products/p1218/3.jpg,4,Panerai Radiomir Handaufzug 47mm,
panerai-radiomir-handaufzug-47mm-p1218,,,,,,,,,,,,,,,,,https://hahn-vo-df1c.vercel.app/assets/products/p1218/4.jpg,5,Panerai Radiomir Handaufzug 47mm,
panerai-radiomir-handaufzug-47mm-p1218,,,,,,,,,,,,,,,,,https://hahn-vo-df1c.vercel.app/assets/products/p1218/5.jpg,6,Panerai Radiomir Handaufzug 47mm,
cartier-cle-de-cartier-automatik-40mm-p1157,Cartier Cle de Cartier Automatik 40mm,"<p>Hier präsentieren wir die Cartier Cle de Cartier aus dem Jahr 2019 im Full Set. Unsere Bilder sind unbearbeitet und zeigen jedes Detail – mehr, als das bloße Auge wahrnimmt.</p><table><tr><th align=""left"" style=""padding:4px 18px 4px 0"">Interner Code</th><td>HV-1157</td></tr><tr><th align=""left"" style=""padding:4px 18px 4px 0"">Referenz</th><td>WSCL0018</td></tr><tr><th align=""left"" style=""padding:4px 18px 4px 0"">Baujahr</th><td>2019</td></tr><tr><th align=""left"" style=""padding:4px 18px 4px 0"">Durchmesser</th><td>40 mm</td></tr><tr><th align=""left"" style=""padding:4px 18px 4px 0"">Gehäuse</th><td>Edelstahl</td></tr><tr><th align=""left"" style=""padding:4px 18px 4px 0"">Zifferblatt</th><td>Silber</td></tr><tr><th align=""left"" style=""padding:4px 18px 4px 0"">Band</th><td>Leder</td></tr><tr><th align=""left"" style=""padding:4px 18px 4px 0"">Werk</th><td>Automatik</td></tr><tr><th align=""left"" style=""padding:4px 18px 4px 0"">Lieferumfang</th><td>Full Set, Papiere, Box, Echtheitszertifikat</td></tr><tr><th align=""left"" style=""padding:4px 18px 4px 0"">Zustand</th><td>Gut</td></tr></table><p>Jede Uhr wird vor dem Verkauf geprüft. 12 Monate Garantie auf das Werk, 14 Tage Rückgaberecht. Versand: Deutschland kostenfrei, Europa 79 €, weltweit 150 € — oder persönliche Übergabe in unserem Showroom in Frankfurt.</p><p><strong>Bei Zahlung per Überweisung bitte als Verwendungszweck angeben: HV-1157</strong></p>",Cartier,Armbanduhr,"Cartier, WSCL0018, 2019, Gut, Full Set",TRUE,Titel,Einzelstück,HV-P1157,shopify,1,deny,manual,3690,TRUE,TRUE,https://hahn-vo-df1c.vercel.app/assets/products/p1157/0.jpg,1,Cartier Cle de Cartier Automatik 40mm,active
cartier-cle-de-cartier-automatik-40mm-p1157,,,,,,,,,,,,,,,,,https://hahn-vo-df1c.vercel.app/assets/products/p1157/1.jpg,2,Cartier Cle de Cartier Automatik 40mm,
cartier-cle-de-cartier-automatik-40mm-p1157,,,,,,,,,,,,,,,,,https://hahn-vo-df1c.vercel.app/assets/products/p1157/2.jpg,3,Cartier Cle de Cartier Automatik 40mm,
cartier-cle-de-cartier-automatik-40mm-p1157,,,,,,,,,,,,,,,,,https://hahn-vo-df1c.vercel.app/assets/products/p1157/3.jpg,4,Cartier Cle de Cartier Automatik 40mm,
cartier-cle-de-cartier-automatik-40mm-p1157,,,,,,,,,,,,,,,,,https://hahn-vo-df1c.vercel.app/assets/products/p1157/4.jpg,5,Cartier Cle de Cartier Automatik 40mm,
cartier-cle-de-cartier-automatik-40mm-p1157,,,,,,,,,,,,,,,,,https://hahn-vo-df1c.vercel.app/assets/products/p1157/5.jpg,6,Cartier Cle de Cartier Automatik 40mm,
bvlgari-octo-solotempo-automatik-41mm-zifferblatt-schwarz-p1154,Bvlgari Octo Solotempo Automatik 41mm Zifferblatt Schwarz,"<p>Hier präsentieren wir die Bulgari Octo Solotempo aus dem Jahr 2015. Unsere Bilder sind unbearbeitet und zeigen jedes Detail – mehr, als das bloße Auge wahrnimmt.</p><table><tr><th align=""left"" style=""padding:4px 18px 4px 0"">Interner Code</th><td>HV-1154</td></tr><tr><th align=""left"" style=""padding:4px 18px 4px 0"">Referenz</th><td>101964</td></tr><tr><th align=""left"" style=""padding:4px 18px 4px 0"">Baujahr</th><td>2015</td></tr><tr><th align=""left"" style=""padding:4px 18px 4px 0"">Durchmesser</th><td>41 mm</td></tr><tr><th align=""left"" style=""padding:4px 18px 4px 0"">Gehäuse</th><td>Edelstahl</td></tr><tr><th align=""left"" style=""padding:4px 18px 4px 0"">Zifferblatt</th><td>Schwarz</td></tr><tr><th align=""left"" style=""padding:4px 18px 4px 0"">Band</th><td>Leder</td></tr><tr><th align=""left"" style=""padding:4px 18px 4px 0"">Werk</th><td>Automatik</td></tr><tr><th align=""left"" style=""padding:4px 18px 4px 0"">Lieferumfang</th><td>Full Set, Box, Echtheitszertifikat</td></tr><tr><th align=""left"" style=""padding:4px 18px 4px 0"">Zustand</th><td>Gut</td></tr></table><p>Jede Uhr wird vor dem Verkauf geprüft. 12 Monate Garantie auf das Werk, 14 Tage Rückgaberecht. Versand: Deutschland kostenfrei, Europa 79 €, weltweit 150 € — oder persönliche Übergabe in unserem Showroom in Frankfurt.</p><p><strong>Bei Zahlung per Überweisung bitte als Verwendungszweck angeben: HV-1154</strong></p>",Bvlgari,Armbanduhr,"Bvlgari, 101964, 2015, Gut, Full Set",TRUE,Titel,Einzelstück,HV-P1154,shopify,1,deny,manual,4690,TRUE,TRUE,https://hahn-vo-df1c.vercel.app/assets/products/p1154/0.jpg,1,Bvlgari Octo Solotempo Automatik 41mm Zifferblatt Schwarz,active
bvlgari-octo-solotempo-automatik-41mm-zifferblatt-schwarz-p1154,,,,,,,,,,,,,,,,,https://hahn-vo-df1c.vercel.app/assets/products/p1154/1.jpg,2,Bvlgari Octo Solotempo Automatik 41mm Zifferblatt Schwarz,
bvlgari-octo-solotempo-automatik-41mm-zifferblatt-schwarz-p1154,,,,,,,,,,,,,,,,,https://hahn-vo-df1c.vercel.app/assets/products/p1154/2.jpg,3,Bvlgari Octo Solotempo Automatik 41mm Zifferblatt Schwarz,
bvlgari-octo-solotempo-automatik-41mm-zifferblatt-schwarz-p1154,,,,,,,,,,,,,,,,,https://hahn-vo-df1c.vercel.app/assets/products/p1154/3.jpg,4,Bvlgari Octo Solotempo Automatik 41mm Zifferblatt Schwarz,
bvlgari-octo-solotempo-automatik-41mm-zifferblatt-schwarz-p1154,,,,,,,,,,,,,,,,,https://hahn-vo-df1c.vercel.app/assets/products/p1154/4.jpg,5,Bvlgari Octo Solotempo Automatik 41mm Zifferblatt Schwarz,
bvlgari-octo-solotempo-automatik-41mm-zifferblatt-schwarz-p1154,,,,,,,,,,,,,,,,,https://hahn-vo-df1c.vercel.app/assets/products/p1154/5.jpg,6,Bvlgari Octo Solotempo Automatik 41mm Zifferblatt Schwarz,
iwc-ingenieur-chronograph-automatik-42mm-p9012,IWC Ingenieur Chronograph Automatik 42mm,"<p>Hier präsentieren wir die IWC Ingenieur Chronograph aus dem Jahr 2016 in Titan. Unsere Bilder sind unbearbeitet und zeigen jedes Detail – mehr, als das bloße Auge wahrnimmt.</p><table><tr><th align=""left"" style=""padding:4px 18px 4px 0"">Interner Code</th><td>HV-9012</td></tr><tr><th align=""left"" style=""padding:4px 18px 4px 0"">Referenz</th><td>IW380701</td></tr><tr><th align=""left"" style=""padding:4px 18px 4px 0"">Baujahr</th><td>2016</td></tr><tr><th align=""left"" style=""padding:4px 18px 4px 0"">Durchmesser</th><td>42 mm</td></tr><tr><th align=""left"" style=""padding:4px 18px 4px 0"">Gehäuse</th><td>Titan</td></tr><tr><th align=""left"" style=""padding:4px 18px 4px 0"">Zifferblatt</th><td>Silber</td></tr><tr><th align=""left"" style=""padding:4px 18px 4px 0"">Band</th><td>Leder</td></tr><tr><th align=""left"" style=""padding:4px 18px 4px 0"">Werk</th><td>Automatik</td></tr><tr><th align=""left"" style=""padding:4px 18px 4px 0"">Lieferumfang</th><td>Echtheitszertifikat</td></tr><tr><th align=""left"" style=""padding:4px 18px 4px 0"">Zustand</th><td>Sehr gut</td></tr></table><p>Jede Uhr wird vor dem Verkauf geprüft. 12 Monate Garantie auf das Werk, 14 Tage Rückgaberecht. Versand: Deutschland kostenfrei, Europa 79 €, weltweit 150 € — oder persönliche Übergabe in unserem Showroom in Frankfurt.</p><p><strong>Bei Zahlung per Überweisung bitte als Verwendungszweck angeben: HV-9012</strong></p>",IWC,Armbanduhr,"IWC, IW380701, 2016, Sehr gut",TRUE,Titel,Einzelstück,HV-P9012,shopify,1,deny,manual,4890,TRUE,TRUE,https://hahn-vo-df1c.vercel.app/assets/products/p9012/0.jpg,1,IWC Ingenieur Chronograph Automatik 42mm,active
iwc-ingenieur-chronograph-automatik-42mm-p9012,,,,,,,,,,,,,,,,,https://hahn-vo-df1c.vercel.app/assets/products/p9012/1.jpg,2,IWC Ingenieur Chronograph Automatik 42mm,
iwc-ingenieur-chronograph-automatik-42mm-p9012,,,,,,,,,,,,,,,,,https://hahn-vo-df1c.vercel.app/assets/products/p9012/2.jpg,3,IWC Ingenieur Chronograph Automatik 42mm,
iwc-ingenieur-chronograph-automatik-42mm-p9012,,,,,,,,,,,,,,,,,https://hahn-vo-df1c.vercel.app/assets/products/p9012/3.jpg,4,IWC Ingenieur Chronograph Automatik 42mm,
iwc-ingenieur-chronograph-automatik-42mm-p9012,,,,,,,,,,,,,,,,,https://hahn-vo-df1c.vercel.app/assets/products/p9012/4.jpg,5,IWC Ingenieur Chronograph Automatik 42mm,
iwc-ingenieur-chronograph-automatik-42mm-p9012,,,,,,,,,,,,,,,,,https://hahn-vo-df1c.vercel.app/assets/products/p9012/5.jpg,6,IWC Ingenieur Chronograph Automatik 42mm,
breitling-avenger-chronograph-p440,Breitling Avenger Chronograph,"<p>Hier präsentieren wir die Breitling Avenger Chronograph aus dem Jahr 2021 im Full Set. Unsere Bilder sind unbearbeitet und zeigen jedes Detail – mehr, als das bloße Auge wahrnimmt.</p><table><tr><th align=""left"" style=""padding:4px 18px 4px 0"">Interner Code</th><td>HV-440</td></tr><tr><th align=""left"" style=""padding:4px 18px 4px 0"">Referenz</th><td>A13385101C1A1</td></tr><tr><th align=""left"" style=""padding:4px 18px 4px 0"">Baujahr</th><td>2021</td></tr><tr><th align=""left"" style=""padding:4px 18px 4px 0"">Durchmesser</th><td>43 mm</td></tr><tr><th align=""left"" style=""padding:4px 18px 4px 0"">Gehäuse</th><td>Edelstahl</td></tr><tr><th align=""left"" style=""padding:4px 18px 4px 0"">Zifferblatt</th><td>Blau</td></tr><tr><th align=""left"" style=""padding:4px 18px 4px 0"">Band</th><td>Edelstahl</td></tr><tr><th align=""left"" style=""padding:4px 18px 4px 0"">Werk</th><td>Automatik</td></tr><tr><th align=""left"" style=""padding:4px 18px 4px 0"">Lieferumfang</th><td>Full Set, Papiere, Box</td></tr><tr><th align=""left"" style=""padding:4px 18px 4px 0"">Zustand</th><td>Sehr gut</td></tr></table><p>Jede Uhr wird vor dem Verkauf geprüft. 12 Monate Garantie auf das Werk, 14 Tage Rückgaberecht. Versand: Deutschland kostenfrei, Europa 79 €, weltweit 150 € — oder persönliche Übergabe in unserem Showroom in Frankfurt.</p><p><strong>Bei Zahlung per Überweisung bitte als Verwendungszweck angeben: HV-440</strong></p>",Breitling,Armbanduhr,"Breitling, A13385101C1A1, 2021, Sehr gut, Full Set",TRUE,Titel,Einzelstück,HV-P440,shopify,1,deny,manual,3390,TRUE,TRUE,https://hahn-vo-df1c.vercel.app/assets/products/p440/0.jpg,1,Breitling Avenger Chronograph,active
breitling-avenger-chronograph-p440,,,,,,,,,,,,,,,,,https://hahn-vo-df1c.vercel.app/assets/products/p440/1.jpg,2,Breitling Avenger Chronograph,
breitling-avenger-chronograph-p440,,,,,,,,,,,,,,,,,https://hahn-vo-df1c.vercel.app/assets/products/p440/2.jpg,3,Breitling Avenger Chronograph,
breitling-avenger-chronograph-p440,,,,,,,,,,,,,,,,,https://hahn-vo-df1c.vercel.app/assets/products/p440/3.jpg,4,Breitling Avenger Chronograph,
breitling-avenger-chronograph-p440,,,,,,,,,,,,,,,,,https://hahn-vo-df1c.vercel.app/assets/products/p440/4.jpg,5,Breitling Avenger Chronograph,
breitling-avenger-chronograph-p440,,,,,,,,,,,,,,,,,https://hahn-vo-df1c.vercel.app/assets/products/p440/5.jpg,6,Breitling Avenger Chronograph,
